onset	duration	trial_type	electrical_stimulation_type	electrical_stimulation_site	electrical_stimulation_current	notes
50.2099609375	0.001	electrical_stimulation	monophasic	C01-C02	0.008	n/a
55.20947265625	0.001	electrical_stimulation	monophasic	C01-C02	0.008	n/a
60.208984375	0.001	electrical_stimulation	monophasic	C01-C02	0.008	n/a
65.20849609375	0.001	electrical_stimulation	monophasic	C01-C02	0.008	n/a
70.2080078125	0.001	electrical_stimulation	monophasic	C01-C02	0.008	n/a
75.94921875	0.001	electrical_stimulation	monophasic	C02-C01	0.008	n/a
80.94873046875	0.001	electrical_stimulation	monophasic	C02-C01	0.008	n/a
85.9482421875	0.001	electrical_stimulation	monophasic	C02-C01	0.008	n/a
90.94775390625	0.001	electrical_stimulation	monophasic	C02-C01	0.008	n/a
95.947265625	0.001	electrical_stimulation	monophasic	C02-C01	0.008	n/a
107.67333984375	0.001	electrical_stimulation	monophasic	C02-C03	0.008	n/a
112.6728515625	0.001	electrical_stimulation	monophasic	C02-C03	0.008	n/a
117.6728515625	0.001	electrical_stimulation	monophasic	C02-C03	0.008	n/a
122.67236328125	0.001	electrical_stimulation	monophasic	C02-C03	0.008	n/a
127.671875	0.001	electrical_stimulation	monophasic	C02-C03	0.008	n/a
133.42138671875	0.001	electrical_stimulation	monophasic	C03-C02	0.008	n/a
138.4208984375	0.001	electrical_stimulation	monophasic	C03-C02	0.008	n/a
143.42041015625	0.001	electrical_stimulation	monophasic	C03-C02	0.008	n/a
148.419921875	0.001	electrical_stimulation	monophasic	C03-C02	0.008	n/a
153.41943359375	0.001	electrical_stimulation	monophasic	C03-C02	0.008	n/a
165.2958984375	0.001	electrical_stimulation	monophasic	C03-C04	0.008	n/a
170.29541015625	0.001	electrical_stimulation	monophasic	C03-C04	0.008	n/a
175.294921875	0.001	electrical_stimulation	monophasic	C03-C04	0.008	n/a
180.29443359375	0.001	electrical_stimulation	monophasic	C03-C04	0.008	n/a
185.2939453125	0.001	electrical_stimulation	monophasic	C03-C04	0.008	n/a
190.88525390625	0.001	electrical_stimulation	monophasic	C04-C03	0.008	n/a
195.884765625	0.001	electrical_stimulation	monophasic	C04-C03	0.008	n/a
200.88427734375	0.001	electrical_stimulation	monophasic	C04-C03	0.008	n/a
205.8837890625	0.001	electrical_stimulation	monophasic	C04-C03	0.008	n/a
210.88330078125	0.001	electrical_stimulation	monophasic	C04-C03	0.008	n/a
222.61474609375	0.001	electrical_stimulation	monophasic	C04-C05	0.008	n/a
227.6142578125	0.001	electrical_stimulation	monophasic	C04-C05	0.008	n/a
232.61376953125	0.001	electrical_stimulation	monophasic	C04-C05	0.008	n/a
237.61328125	0.001	electrical_stimulation	monophasic	C04-C05	0.008	n/a
242.61279296875	0.001	electrical_stimulation	monophasic	C04-C05	0.008	n/a
248.3623046875	0.001	electrical_stimulation	monophasic	C05-C04	0.008	n/a
253.36181640625	0.001	electrical_stimulation	monophasic	C05-C04	0.008	n/a
258.361328125	0.001	electrical_stimulation	monophasic	C05-C04	0.008	n/a
263.36083984375	0.001	electrical_stimulation	monophasic	C05-C04	0.008	n/a
268.3603515625	0.001	electrical_stimulation	monophasic	C05-C04	0.008	n/a
280.07861328125	0.001	electrical_stimulation	monophasic	C07-C08	0.004	n/a
285.078125	0.001	electrical_stimulation	monophasic	C07-C08	0.004	n/a
290.07763671875	0.001	electrical_stimulation	monophasic	C07-C08	0.004	n/a
295.0771484375	0.001	electrical_stimulation	monophasic	C07-C08	0.004	n/a
300.07666015625	0.001	electrical_stimulation	monophasic	C07-C08	0.004	n/a
305.826171875	0.001	electrical_stimulation	monophasic	C08-C07	0.004	n/a
310.82568359375	0.001	electrical_stimulation	monophasic	C08-C07	0.004	n/a
315.8251953125	0.001	electrical_stimulation	monophasic	C08-C07	0.004	n/a
320.82470703125	0.001	electrical_stimulation	monophasic	C08-C07	0.004	n/a
325.82421875	0.001	electrical_stimulation	monophasic	C08-C07	0.004	n/a
337.5419921875	0.001	electrical_stimulation	monophasic	C09-C10	0.008	n/a
342.54150390625	0.001	electrical_stimulation	monophasic	C09-C10	0.008	n/a
347.541015625	0.001	electrical_stimulation	monophasic	C09-C10	0.008	n/a
352.54052734375	0.001	electrical_stimulation	monophasic	C09-C10	0.008	n/a
357.54052734375	0.001	electrical_stimulation	monophasic	C09-C10	0.008	n/a
363.30712890625	0.001	electrical_stimulation	monophasic	C10-C09	0.008	n/a
368.306640625	0.001	electrical_stimulation	monophasic	C10-C09	0.008	n/a
373.30615234375	0.001	electrical_stimulation	monophasic	C10-C09	0.008	n/a
378.30615234375	0.001	electrical_stimulation	monophasic	C10-C09	0.008	n/a
383.3056640625	0.001	electrical_stimulation	monophasic	C10-C09	0.008	n/a
395.29541015625	0.001	electrical_stimulation	monophasic	C10-C11	0.008	n/a
400.294921875	0.001	electrical_stimulation	monophasic	C10-C11	0.008	n/a
405.294921875	0.001	electrical_stimulation	monophasic	C10-C11	0.008	n/a
410.29443359375	0.001	electrical_stimulation	monophasic	C10-C11	0.008	n/a
415.2939453125	0.001	electrical_stimulation	monophasic	C10-C11	0.008	n/a
420.80224609375	0.001	electrical_stimulation	monophasic	C11-C10	0.008	n/a
425.8017578125	0.001	electrical_stimulation	monophasic	C11-C10	0.008	n/a
430.80126953125	0.001	electrical_stimulation	monophasic	C11-C10	0.008	n/a
435.80078125	0.001	electrical_stimulation	monophasic	C11-C10	0.008	n/a
440.80029296875	0.001	electrical_stimulation	monophasic	C11-C10	0.008	n/a
452.54931640625	0.001	electrical_stimulation	monophasic	C11-C12	0.008	n/a
457.548828125	0.001	electrical_stimulation	monophasic	C11-C12	0.008	n/a
462.54833984375	0.001	electrical_stimulation	monophasic	C11-C12	0.008	n/a
467.54833984375	0.001	electrical_stimulation	monophasic	C11-C12	0.008	n/a
472.5478515625	0.001	electrical_stimulation	monophasic	C11-C12	0.008	n/a
478.27978515625	0.001	electrical_stimulation	monophasic	C12-C11	0.008	n/a
483.279296875	0.001	electrical_stimulation	monophasic	C12-C11	0.008	n/a
488.27880859375	0.001	electrical_stimulation	monophasic	C12-C11	0.008	n/a
493.27880859375	0.001	electrical_stimulation	monophasic	C12-C11	0.008	n/a
498.2783203125	0.001	electrical_stimulation	monophasic	C12-C11	0.008	n/a
510.04443359375	0.001	electrical_stimulation	monophasic	C12-C13	0.008	n/a
515.0439453125	0.001	electrical_stimulation	monophasic	C12-C13	0.008	n/a
520.04345703125	0.001	electrical_stimulation	monophasic	C12-C13	0.008	n/a
525.04296875	0.001	electrical_stimulation	monophasic	C12-C13	0.008	n/a
530.04248046875	0.001	electrical_stimulation	monophasic	C12-C13	0.008	n/a
535.7919921875	0.001	electrical_stimulation	monophasic	C13-C12	0.008	n/a
540.79150390625	0.001	electrical_stimulation	monophasic	C13-C12	0.008	n/a
545.79150390625	0.001	electrical_stimulation	monophasic	C13-C12	0.008	n/a
550.791015625	0.001	electrical_stimulation	monophasic	C13-C12	0.008	n/a
555.79052734375	0.001	electrical_stimulation	monophasic	C13-C12	0.008	n/a
567.521484375	0.001	electrical_stimulation	monophasic	C13-C14	0.004	n/a
572.52099609375	0.001	electrical_stimulation	monophasic	C13-C14	0.004	n/a
577.5205078125	0.001	electrical_stimulation	monophasic	C13-C14	0.004	n/a
582.5205078125	0.001	electrical_stimulation	monophasic	C13-C14	0.004	n/a
587.52001953125	0.001	electrical_stimulation	monophasic	C13-C14	0.004	n/a
593.3076171875	0.001	electrical_stimulation	monophasic	C14-C13	0.004	n/a
598.30712890625	0.001	electrical_stimulation	monophasic	C14-C13	0.004	n/a
603.306640625	0.001	electrical_stimulation	monophasic	C14-C13	0.004	n/a
608.30615234375	0.001	electrical_stimulation	monophasic	C14-C13	0.004	n/a
613.3056640625	0.001	electrical_stimulation	monophasic	C14-C13	0.004	n/a
625.24609375	0.001	electrical_stimulation	monophasic	C14-C15	0.004	n/a
630.24560546875	0.001	electrical_stimulation	monophasic	C14-C15	0.004	n/a
635.2451171875	0.001	electrical_stimulation	monophasic	C14-C15	0.004	n/a
640.24462890625	0.001	electrical_stimulation	monophasic	C14-C15	0.004	n/a
645.244140625	0.001	electrical_stimulation	monophasic	C14-C15	0.004	n/a
650.7333984375	0.001	electrical_stimulation	monophasic	C15-C14	0.004	n/a
655.73291015625	0.001	electrical_stimulation	monophasic	C15-C14	0.004	n/a
660.732421875	0.001	electrical_stimulation	monophasic	C15-C14	0.004	n/a
665.73193359375	0.001	electrical_stimulation	monophasic	C15-C14	0.004	n/a
670.73193359375	0.001	electrical_stimulation	monophasic	C15-C14	0.004	n/a
682.44921875	0.001	electrical_stimulation	monophasic	C15-C16	0.004	n/a
687.44873046875	0.001	electrical_stimulation	monophasic	C15-C16	0.004	n/a
692.4482421875	0.001	electrical_stimulation	monophasic	C15-C16	0.004	n/a
697.44775390625	0.001	electrical_stimulation	monophasic	C15-C16	0.004	n/a
702.447265625	0.001	electrical_stimulation	monophasic	C15-C16	0.004	n/a
708.19677734375	0.001	electrical_stimulation	monophasic	C16-C15	0.004	n/a
713.1962890625	0.001	electrical_stimulation	monophasic	C16-C15	0.004	n/a
718.19580078125	0.001	electrical_stimulation	monophasic	C16-C15	0.004	n/a
723.1953125	0.001	electrical_stimulation	monophasic	C16-C15	0.004	n/a
728.1953125	0.001	electrical_stimulation	monophasic	C16-C15	0.004	n/a
739.921875	0.001	electrical_stimulation	monophasic	C17-C18	0.008	n/a
744.92138671875	0.001	electrical_stimulation	monophasic	C17-C18	0.008	n/a
749.9208984375	0.001	electrical_stimulation	monophasic	C17-C18	0.008	n/a
754.92041015625	0.001	electrical_stimulation	monophasic	C17-C18	0.008	n/a
759.919921875	0.001	electrical_stimulation	monophasic	C17-C18	0.008	n/a
765.66064453125	0.001	electrical_stimulation	monophasic	C18-C17	0.008	n/a
770.66015625	0.001	electrical_stimulation	monophasic	C18-C17	0.008	n/a
775.66015625	0.001	electrical_stimulation	monophasic	C18-C17	0.008	n/a
780.65966796875	0.001	electrical_stimulation	monophasic	C18-C17	0.008	n/a
785.6591796875	0.001	electrical_stimulation	monophasic	C18-C17	0.008	n/a
797.39404296875	0.001	electrical_stimulation	monophasic	C18-C19	0.008	n/a
802.3935546875	0.001	electrical_stimulation	monophasic	C18-C19	0.008	n/a
807.39306640625	0.001	electrical_stimulation	monophasic	C18-C19	0.008	n/a
812.392578125	0.001	electrical_stimulation	monophasic	C18-C19	0.008	n/a
817.39208984375	0.001	electrical_stimulation	monophasic	C18-C19	0.008	n/a
823.31005859375	0.001	electrical_stimulation	monophasic	C19-C18	0.008	n/a
828.3095703125	0.001	electrical_stimulation	monophasic	C19-C18	0.008	n/a
833.30908203125	0.001	electrical_stimulation	monophasic	C19-C18	0.008	n/a
838.30859375	0.001	electrical_stimulation	monophasic	C19-C18	0.008	n/a
843.30810546875	0.001	electrical_stimulation	monophasic	C19-C18	0.008	n/a
854.857421875	0.001	electrical_stimulation	monophasic	C19-C20	0.008	n/a
859.857421875	0.001	electrical_stimulation	monophasic	C19-C20	0.008	n/a
864.85693359375	0.001	electrical_stimulation	monophasic	C19-C20	0.008	n/a
869.8564453125	0.001	electrical_stimulation	monophasic	C19-C20	0.008	n/a
874.85595703125	0.001	electrical_stimulation	monophasic	C19-C20	0.008	n/a
880.60546875	0.001	electrical_stimulation	monophasic	C20-C19	0.008	n/a
885.60498046875	0.001	electrical_stimulation	monophasic	C20-C19	0.008	n/a
890.6044921875	0.001	electrical_stimulation	monophasic	C20-C19	0.008	n/a
895.6044921875	0.001	electrical_stimulation	monophasic	C20-C19	0.008	n/a
900.60400390625	0.001	electrical_stimulation	monophasic	C20-C19	0.008	n/a
912.3662109375	0.001	electrical_stimulation	monophasic	C20-C21	0.008	n/a
917.36572265625	0.001	electrical_stimulation	monophasic	C20-C21	0.008	n/a
922.365234375	0.001	electrical_stimulation	monophasic	C20-C21	0.008	n/a
927.36474609375	0.001	electrical_stimulation	monophasic	C20-C21	0.008	n/a
932.3642578125	0.001	electrical_stimulation	monophasic	C20-C21	0.008	n/a
938.11376953125	0.001	electrical_stimulation	monophasic	C21-C20	0.008	n/a
943.11328125	0.001	electrical_stimulation	monophasic	C21-C20	0.008	n/a
948.11279296875	0.001	electrical_stimulation	monophasic	C21-C20	0.008	n/a
953.11279296875	0.001	electrical_stimulation	monophasic	C21-C20	0.008	n/a
958.1123046875	0.001	electrical_stimulation	monophasic	C21-C20	0.008	n/a
969.861328125	0.001	electrical_stimulation	monophasic	C21-C22	0.004	n/a
974.86083984375	0.001	electrical_stimulation	monophasic	C21-C22	0.004	n/a
979.8603515625	0.001	electrical_stimulation	monophasic	C21-C22	0.004	n/a
984.8603515625	0.001	electrical_stimulation	monophasic	C21-C22	0.004	n/a
989.85986328125	0.001	electrical_stimulation	monophasic	C21-C22	0.004	n/a
995.60888671875	0.001	electrical_stimulation	monophasic	C22-C21	0.004	n/a
1000.6083984375	0.001	electrical_stimulation	monophasic	C22-C21	0.004	n/a
1005.60791015625	0.001	electrical_stimulation	monophasic	C22-C21	0.004	n/a
1010.607421875	0.001	electrical_stimulation	monophasic	C22-C21	0.004	n/a
1015.60693359375	0.001	electrical_stimulation	monophasic	C22-C21	0.004	n/a
1027.3564453125	0.001	electrical_stimulation	monophasic	C22-C23	0.004	n/a
1032.35595703125	0.001	electrical_stimulation	monophasic	C22-C23	0.004	n/a
1037.35546875	0.001	electrical_stimulation	monophasic	C22-C23	0.004	n/a
1042.35498046875	0.001	electrical_stimulation	monophasic	C22-C23	0.004	n/a
1047.35498046875	0.001	electrical_stimulation	monophasic	C22-C23	0.004	n/a
1053.30859375	0.001	electrical_stimulation	monophasic	C23-C22	0.004	n/a
1058.30810546875	0.001	electrical_stimulation	monophasic	C23-C22	0.004	n/a
1063.3076171875	0.001	electrical_stimulation	monophasic	C23-C22	0.004	n/a
1068.30712890625	0.001	electrical_stimulation	monophasic	C23-C22	0.004	n/a
1073.30712890625	0.001	electrical_stimulation	monophasic	C23-C22	0.004	n/a
1084.85107421875	0.001	electrical_stimulation	monophasic	C23-C24	0.004	n/a
1089.85107421875	0.001	electrical_stimulation	monophasic	C23-C24	0.004	n/a
1094.8505859375	0.001	electrical_stimulation	monophasic	C23-C24	0.004	n/a
1099.85009765625	0.001	electrical_stimulation	monophasic	C23-C24	0.004	n/a
1104.849609375	0.001	electrical_stimulation	monophasic	C23-C24	0.004	n/a
1110.60791015625	0.001	electrical_stimulation	monophasic	C24-C23	0.004	n/a
1115.607421875	0.001	electrical_stimulation	monophasic	C24-C23	0.004	n/a
1120.60693359375	0.001	electrical_stimulation	monophasic	C24-C23	0.004	n/a
1125.6064453125	0.001	electrical_stimulation	monophasic	C24-C23	0.004	n/a
1130.60595703125	0.001	electrical_stimulation	monophasic	C24-C23	0.004	n/a
1142.32373046875	0.001	electrical_stimulation	monophasic	C25-C26	0.008	n/a
1147.3232421875	0.001	electrical_stimulation	monophasic	C25-C26	0.008	n/a
1152.32275390625	0.001	electrical_stimulation	monophasic	C25-C26	0.008	n/a
1157.322265625	0.001	electrical_stimulation	monophasic	C25-C26	0.008	n/a
1162.32177734375	0.001	electrical_stimulation	monophasic	C25-C26	0.008	n/a
1168.09375	0.001	electrical_stimulation	monophasic	C26-C25	0.008	n/a
1173.09326171875	0.001	electrical_stimulation	monophasic	C26-C25	0.008	n/a
1178.0927734375	0.001	electrical_stimulation	monophasic	C26-C25	0.008	n/a
1183.09228515625	0.001	electrical_stimulation	monophasic	C26-C25	0.008	n/a
1188.091796875	0.001	electrical_stimulation	monophasic	C26-C25	0.008	n/a
1199.7958984375	0.001	electrical_stimulation	monophasic	C26-C27	0.008	n/a
1204.79541015625	0.001	electrical_stimulation	monophasic	C26-C27	0.008	n/a
1209.794921875	0.001	electrical_stimulation	monophasic	C26-C27	0.008	n/a
1214.794921875	0.001	electrical_stimulation	monophasic	C26-C27	0.008	n/a
1219.79443359375	0.001	electrical_stimulation	monophasic	C26-C27	0.008	n/a
1225.5439453125	0.001	electrical_stimulation	monophasic	C27-C26	0.008	n/a
1230.54345703125	0.001	electrical_stimulation	monophasic	C27-C26	0.008	n/a
1235.54296875	0.001	electrical_stimulation	monophasic	C27-C26	0.008	n/a
1240.54248046875	0.001	electrical_stimulation	monophasic	C27-C26	0.008	n/a
1245.5419921875	0.001	electrical_stimulation	monophasic	C27-C26	0.008	n/a
1257.2958984375	0.001	electrical_stimulation	monophasic	C27-C28	0.008	n/a
1262.29541015625	0.001	electrical_stimulation	monophasic	C27-C28	0.008	n/a
1267.294921875	0.001	electrical_stimulation	monophasic	C27-C28	0.008	n/a
1272.29443359375	0.001	electrical_stimulation	monophasic	C27-C28	0.008	n/a
1277.2939453125	0.001	electrical_stimulation	monophasic	C27-C28	0.008	n/a
1283.283203125	0.001	electrical_stimulation	monophasic	C27-C28	0.008	n/a
1288.28271484375	0.001	electrical_stimulation	monophasic	C28-C27	0.008	n/a
1293.2822265625	0.001	electrical_stimulation	monophasic	C28-C27	0.008	n/a
1298.28173828125	0.001	electrical_stimulation	monophasic	C28-C27	0.008	n/a
1303.28125	0.001	electrical_stimulation	monophasic	C28-C27	0.008	n/a
1314.7373046875	0.001	electrical_stimulation	monophasic	C28-C29	0.008	n/a
1319.73681640625	0.001	electrical_stimulation	monophasic	C28-C29	0.008	n/a
1324.736328125	0.001	electrical_stimulation	monophasic	C28-C29	0.008	n/a
1329.73583984375	0.001	electrical_stimulation	monophasic	C28-C29	0.008	n/a
1334.7353515625	0.001	electrical_stimulation	monophasic	C28-C29	0.008	n/a
1340.48486328125	0.001	electrical_stimulation	monophasic	C29-C28	0.008	n/a
1345.484375	0.001	electrical_stimulation	monophasic	C29-C28	0.008	n/a
1350.48388671875	0.001	electrical_stimulation	monophasic	C29-C28	0.008	n/a
1355.4833984375	0.001	electrical_stimulation	monophasic	C29-C28	0.008	n/a
1360.48291015625	0.001	electrical_stimulation	monophasic	C29-C28	0.008	n/a
1372.20068359375	0.001	electrical_stimulation	monophasic	C29-C30	0.004	n/a
1377.2001953125	0.001	electrical_stimulation	monophasic	C29-C30	0.004	n/a
1382.19970703125	0.001	electrical_stimulation	monophasic	C29-C30	0.004	n/a
1387.19970703125	0.001	electrical_stimulation	monophasic	C29-C30	0.004	n/a
1392.19921875	0.001	electrical_stimulation	monophasic	C29-C30	0.004	n/a
1397.94873046875	0.001	electrical_stimulation	monophasic	C30-C29	0.004	n/a
1402.9482421875	0.001	electrical_stimulation	monophasic	C30-C29	0.004	n/a
1407.94775390625	0.001	electrical_stimulation	monophasic	C30-C29	0.004	n/a
1412.947265625	0.001	electrical_stimulation	monophasic	C30-C29	0.004	n/a
1417.947265625	0.001	electrical_stimulation	monophasic	C30-C29	0.004	n/a
1429.67333984375	0.001	electrical_stimulation	monophasic	C30-C31	0.004	n/a
1434.6728515625	0.001	electrical_stimulation	monophasic	C30-C31	0.004	n/a
1439.67236328125	0.001	electrical_stimulation	monophasic	C30-C31	0.004	n/a
1444.671875	0.001	electrical_stimulation	monophasic	C30-C31	0.004	n/a
1449.67138671875	0.001	electrical_stimulation	monophasic	C30-C31	0.004	n/a
1455.4208984375	0.001	electrical_stimulation	monophasic	C31-C30	0.004	n/a
1460.4208984375	0.001	electrical_stimulation	monophasic	C31-C30	0.004	n/a
1465.42041015625	0.001	electrical_stimulation	monophasic	C31-C30	0.004	n/a
1470.419921875	0.001	electrical_stimulation	monophasic	C31-C30	0.004	n/a
1475.41943359375	0.001	electrical_stimulation	monophasic	C31-C30	0.004	n/a
1487.2958984375	0.001	electrical_stimulation	monophasic	C31-C32	0.004	n/a
1492.29541015625	0.001	electrical_stimulation	monophasic	C31-C32	0.004	n/a
1497.294921875	0.001	electrical_stimulation	monophasic	C31-C32	0.004	n/a
1502.29443359375	0.001	electrical_stimulation	monophasic	C31-C32	0.004	n/a
1507.2939453125	0.001	electrical_stimulation	monophasic	C31-C32	0.004	n/a
1512.89306640625	0.001	electrical_stimulation	monophasic	C32-C31	0.004	n/a
1517.89306640625	0.001	electrical_stimulation	monophasic	C32-C31	0.004	n/a
1522.892578125	0.001	electrical_stimulation	monophasic	C32-C31	0.004	n/a
1527.89208984375	0.001	electrical_stimulation	monophasic	C32-C31	0.004	n/a
1532.8916015625	0.001	electrical_stimulation	monophasic	C32-C31	0.004	n/a
1607.13525390625	0.001	electrical_stimulation	monophasic	C34-C35	0.008	n/a
1612.134765625	0.001	electrical_stimulation	monophasic	C34-C35	0.008	n/a
1617.13427734375	0.001	electrical_stimulation	monophasic	C34-C35	0.008	n/a
1622.1337890625	0.001	electrical_stimulation	monophasic	C34-C35	0.008	n/a
1627.88720703125	0.001	electrical_stimulation	monophasic	C35-C34	0.008	n/a
1632.88671875	0.001	electrical_stimulation	monophasic	C35-C34	0.008	n/a
1637.88623046875	0.001	electrical_stimulation	monophasic	C35-C34	0.008	n/a
1642.8857421875	0.001	electrical_stimulation	monophasic	C35-C34	0.008	n/a
1647.88525390625	0.001	electrical_stimulation	monophasic	C35-C34	0.008	n/a
1659.63427734375	0.001	electrical_stimulation	monophasic	C35-C36	0.008	n/a
1664.6337890625	0.001	electrical_stimulation	monophasic	C35-C36	0.008	n/a
1669.63330078125	0.001	electrical_stimulation	monophasic	C35-C36	0.008	n/a
1679.6328125	0.001	electrical_stimulation	monophasic	C35-C36	0.008	n/a
1685.39208984375	0.001	electrical_stimulation	monophasic	C36-C35	0.008	n/a
1690.3916015625	0.001	electrical_stimulation	monophasic	C36-C35	0.008	n/a
1700.390625	0.001	electrical_stimulation	monophasic	C36-C35	0.008	n/a
1705.390625	0.001	electrical_stimulation	monophasic	C36-C35	0.008	n/a
1717.2958984375	0.001	electrical_stimulation	monophasic	C36-C37	0.004	n/a
1722.29541015625	0.001	electrical_stimulation	monophasic	C36-C37	0.004	n/a
1727.294921875	0.001	electrical_stimulation	monophasic	C36-C37	0.004	n/a
1732.29443359375	0.001	electrical_stimulation	monophasic	C36-C37	0.004	n/a
1737.2939453125	0.001	electrical_stimulation	monophasic	C36-C37	0.004	n/a
1742.8642578125	0.001	electrical_stimulation	monophasic	C37-C36	0.004	n/a
1747.8642578125	0.001	electrical_stimulation	monophasic	C37-C36	0.004	n/a
1757.86328125	0.001	electrical_stimulation	monophasic	C37-C36	0.004	n/a
1762.86279296875	0.001	electrical_stimulation	monophasic	C37-C36	0.004	n/a
1774.57177734375	0.001	electrical_stimulation	monophasic	C37-C38	0.004	n/a
1779.5712890625	0.001	electrical_stimulation	monophasic	C37-C38	0.004	n/a
1784.57080078125	0.001	electrical_stimulation	monophasic	C37-C38	0.004	n/a
1789.5703125	0.001	electrical_stimulation	monophasic	C37-C38	0.004	n/a
1800.3193359375	0.001	electrical_stimulation	monophasic	C38-C37	0.004	n/a
1805.31884765625	0.001	electrical_stimulation	monophasic	C38-C37	0.004	n/a
1810.31884765625	0.001	electrical_stimulation	monophasic	C38-C37	0.004	n/a
1815.318359375	0.001	electrical_stimulation	monophasic	C38-C37	0.004	n/a
1820.31787109375	0.001	electrical_stimulation	monophasic	C38-C37	0.004	n/a
1832.052734375	0.001	electrical_stimulation	monophasic	C38-C39	0.008	n/a
1837.05224609375	0.001	electrical_stimulation	monophasic	C38-C39	0.008	n/a
1842.0517578125	0.001	electrical_stimulation	monophasic	C38-C39	0.008	n/a
1847.05126953125	0.001	electrical_stimulation	monophasic	C38-C39	0.008	n/a
1852.05078125	0.001	electrical_stimulation	monophasic	C38-C39	0.008	n/a
1857.80029296875	0.001	electrical_stimulation	monophasic	C39-C38	0.008	n/a
1862.7998046875	0.001	electrical_stimulation	monophasic	C39-C38	0.008	n/a
1867.7998046875	0.001	electrical_stimulation	monophasic	C39-C38	0.008	n/a
1872.79931640625	0.001	electrical_stimulation	monophasic	C39-C38	0.008	n/a
1877.798828125	0.001	electrical_stimulation	monophasic	C39-C38	0.008	n/a
1889.4990234375	0.001	electrical_stimulation	monophasic	C39-C40	0.008	n/a
1894.49853515625	0.001	electrical_stimulation	monophasic	C39-C40	0.008	n/a
1899.49853515625	0.001	electrical_stimulation	monophasic	C39-C40	0.008	n/a
1904.498046875	0.001	electrical_stimulation	monophasic	C39-C40	0.008	n/a
1909.49755859375	0.001	electrical_stimulation	monophasic	C39-C40	0.008	n/a
1915.3076171875	0.001	electrical_stimulation	monophasic	C40-C39	0.008	n/a
1925.306640625	0.001	electrical_stimulation	monophasic	C40-C39	0.008	n/a
1947.25146484375	0.001	electrical_stimulation	monophasic	C41-C42	0.008	n/a
1952.2509765625	0.001	electrical_stimulation	monophasic	C41-C42	0.008	n/a
1967.25	0.001	electrical_stimulation	monophasic	C41-C42	0.008	n/a
1972.7412109375	0.001	electrical_stimulation	monophasic	C42-C41	0.008	n/a
1977.74072265625	0.001	electrical_stimulation	monophasic	C42-C41	0.008	n/a
1982.74072265625	0.001	electrical_stimulation	monophasic	C42-C41	0.008	n/a
1987.740234375	0.001	electrical_stimulation	monophasic	C42-C41	0.008	n/a
1992.73974609375	0.001	electrical_stimulation	monophasic	C42-C41	0.008	n/a
2004.45751953125	0.001	electrical_stimulation	monophasic	C42-C43	0.008	n/a
2009.45703125	0.001	electrical_stimulation	monophasic	C42-C43	0.008	n/a
2014.45654296875	0.001	electrical_stimulation	monophasic	C42-C43	0.008	n/a
2019.4560546875	0.001	electrical_stimulation	monophasic	C42-C43	0.008	n/a
2024.45556640625	0.001	electrical_stimulation	monophasic	C42-C43	0.008	n/a
2030.205078125	0.001	electrical_stimulation	monophasic	C43-C42	0.008	n/a
2035.20458984375	0.001	electrical_stimulation	monophasic	C43-C42	0.008	n/a
2040.20458984375	0.001	electrical_stimulation	monophasic	C43-C42	0.008	n/a
2045.2041015625	0.001	electrical_stimulation	monophasic	C43-C42	0.008	n/a
2050.20361328125	0.001	electrical_stimulation	monophasic	C43-C42	0.008	n/a
2061.95263671875	0.001	electrical_stimulation	monophasic	C43-C44	0.004	n/a
2066.9521484375	0.001	electrical_stimulation	monophasic	C43-C44	0.004	n/a
2071.95166015625	0.001	electrical_stimulation	monophasic	C43-C44	0.004	n/a
2076.951171875	0.001	electrical_stimulation	monophasic	C43-C44	0.004	n/a
2081.95068359375	0.001	electrical_stimulation	monophasic	C43-C44	0.004	n/a
2087.7001953125	0.001	electrical_stimulation	monophasic	C44-C43	0.004	n/a
2092.69970703125	0.001	electrical_stimulation	monophasic	C44-C43	0.004	n/a
2097.69970703125	0.001	electrical_stimulation	monophasic	C44-C43	0.004	n/a
2102.69921875	0.001	electrical_stimulation	monophasic	C44-C43	0.004	n/a
2107.69873046875	0.001	electrical_stimulation	monophasic	C44-C43	0.004	n/a
2119.44775390625	0.001	electrical_stimulation	monophasic	C44-C45	0.004	n/a
2124.447265625	0.001	electrical_stimulation	monophasic	C44-C45	0.004	n/a
2129.44677734375	0.001	electrical_stimulation	monophasic	C44-C45	0.004	n/a
2134.4462890625	0.001	electrical_stimulation	monophasic	C44-C45	0.004	n/a
2139.44580078125	0.001	electrical_stimulation	monophasic	C44-C45	0.004	n/a
2145.3076171875	0.001	electrical_stimulation	monophasic	C45-C44	0.004	n/a
2150.3076171875	0.001	electrical_stimulation	monophasic	C45-C44	0.004	n/a
2155.30712890625	0.001	electrical_stimulation	monophasic	C45-C44	0.004	n/a
2160.306640625	0.001	electrical_stimulation	monophasic	C45-C44	0.004	n/a
2165.30615234375	0.001	electrical_stimulation	monophasic	C45-C44	0.004	n/a
2176.9423828125	0.001	electrical_stimulation	monophasic	C45-C46	0.004	n/a
2181.94189453125	0.001	electrical_stimulation	monophasic	C45-C46	0.004	n/a
2186.94189453125	0.001	electrical_stimulation	monophasic	C45-C46	0.004	n/a
2191.94140625	0.001	electrical_stimulation	monophasic	C45-C46	0.004	n/a
2196.94091796875	0.001	electrical_stimulation	monophasic	C45-C46	0.004	n/a
2202.70751953125	0.001	electrical_stimulation	monophasic	C46-C45	0.004	n/a
2207.70703125	0.001	electrical_stimulation	monophasic	C46-C45	0.004	n/a
2212.70654296875	0.001	electrical_stimulation	monophasic	C46-C45	0.004	n/a
2217.7060546875	0.001	electrical_stimulation	monophasic	C46-C45	0.004	n/a
2222.70556640625	0.001	electrical_stimulation	monophasic	C46-C45	0.004	n/a
2234.455078125	0.001	electrical_stimulation	monophasic	C46-C47	0.008	n/a
2239.45458984375	0.001	electrical_stimulation	monophasic	C46-C47	0.008	n/a
2244.4541015625	0.001	electrical_stimulation	monophasic	C46-C47	0.008	n/a
2249.45361328125	0.001	electrical_stimulation	monophasic	C46-C47	0.008	n/a
2254.453125	0.001	electrical_stimulation	monophasic	C46-C47	0.008	n/a
2260.19384765625	0.001	electrical_stimulation	monophasic	C47-C46	0.008	n/a
2265.193359375	0.001	electrical_stimulation	monophasic	C47-C46	0.008	n/a
2270.19287109375	0.001	electrical_stimulation	monophasic	C47-C46	0.008	n/a
2275.1923828125	0.001	electrical_stimulation	monophasic	C47-C46	0.008	n/a
2280.19189453125	0.001	electrical_stimulation	monophasic	C47-C46	0.008	n/a
2291.91845703125	0.001	electrical_stimulation	monophasic	C47-C48	0.008	n/a
2296.91845703125	0.001	electrical_stimulation	monophasic	C47-C48	0.008	n/a
2301.91796875	0.001	electrical_stimulation	monophasic	C47-C48	0.008	n/a
2306.91748046875	0.001	electrical_stimulation	monophasic	C47-C48	0.008	n/a
2311.9169921875	0.001	electrical_stimulation	monophasic	C47-C48	0.008	n/a
2317.666015625	0.001	electrical_stimulation	monophasic	C48-C47	0.008	n/a
2322.66552734375	0.001	electrical_stimulation	monophasic	C48-C47	0.008	n/a
2327.6650390625	0.001	electrical_stimulation	monophasic	C48-C47	0.008	n/a
2332.66455078125	0.001	electrical_stimulation	monophasic	C48-C47	0.008	n/a
2337.66455078125	0.001	electrical_stimulation	monophasic	C48-C47	0.008	n/a
2349.38232421875	0.001	electrical_stimulation	monophasic	F01-F02	0.008	n/a
2354.3818359375	0.001	electrical_stimulation	monophasic	F01-F02	0.008	n/a
2359.38134765625	0.001	electrical_stimulation	monophasic	F01-F02	0.008	n/a
2364.380859375	0.001	electrical_stimulation	monophasic	F01-F02	0.008	n/a
2369.38037109375	0.001	electrical_stimulation	monophasic	F01-F02	0.008	n/a
2375.3076171875	0.001	electrical_stimulation	monophasic	F02-F01	0.008	n/a
2380.30712890625	0.001	electrical_stimulation	monophasic	F02-F01	0.008	n/a
2385.306640625	0.001	electrical_stimulation	monophasic	F02-F01	0.008	n/a
2390.306640625	0.001	electrical_stimulation	monophasic	F02-F01	0.008	n/a
2395.30615234375	0.001	electrical_stimulation	monophasic	F02-F01	0.008	n/a
2406.85986328125	0.001	electrical_stimulation	monophasic	F02-F03	0.008	n/a
2411.859375	0.001	electrical_stimulation	monophasic	F02-F03	0.008	n/a
2416.85888671875	0.001	electrical_stimulation	monophasic	F02-F03	0.008	n/a
2421.8583984375	0.001	electrical_stimulation	monophasic	F02-F03	0.008	n/a
2426.85791015625	0.001	electrical_stimulation	monophasic	F02-F03	0.008	n/a
2432.607421875	0.001	electrical_stimulation	monophasic	F03-F02	0.008	n/a
2437.60693359375	0.001	electrical_stimulation	monophasic	F03-F02	0.008	n/a
2442.6064453125	0.001	electrical_stimulation	monophasic	F03-F02	0.008	n/a
2447.60595703125	0.001	electrical_stimulation	monophasic	F03-F02	0.008	n/a
2452.60546875	0.001	electrical_stimulation	monophasic	F03-F02	0.008	n/a
2464.3232421875	0.001	electrical_stimulation	monophasic	F03-F04	0.008	n/a
2469.32275390625	0.001	electrical_stimulation	monophasic	F03-F04	0.008	n/a
2474.32275390625	0.001	electrical_stimulation	monophasic	F03-F04	0.008	n/a
2479.322265625	0.001	electrical_stimulation	monophasic	F03-F04	0.008	n/a
2484.32177734375	0.001	electrical_stimulation	monophasic	F03-F04	0.008	n/a
2490.0712890625	0.001	electrical_stimulation	monophasic	F04-F03	0.008	n/a
2495.07080078125	0.001	electrical_stimulation	monophasic	F04-F03	0.008	n/a
2500.0703125	0.001	electrical_stimulation	monophasic	F04-F03	0.008	n/a
2505.06982421875	0.001	electrical_stimulation	monophasic	F04-F03	0.008	n/a
2510.0693359375	0.001	electrical_stimulation	monophasic	F04-F03	0.008	n/a
2521.7958984375	0.001	electrical_stimulation	monophasic	F04-F05	0.004	n/a
2526.79541015625	0.001	electrical_stimulation	monophasic	F04-F05	0.004	n/a
2531.794921875	0.001	electrical_stimulation	monophasic	F04-F05	0.004	n/a
2536.79443359375	0.001	electrical_stimulation	monophasic	F04-F05	0.004	n/a
2541.7939453125	0.001	electrical_stimulation	monophasic	F04-F05	0.004	n/a
2547.5517578125	0.001	electrical_stimulation	monophasic	F05-F04	0.004	n/a
2552.55126953125	0.001	electrical_stimulation	monophasic	F05-F04	0.004	n/a
2557.55126953125	0.001	electrical_stimulation	monophasic	F05-F04	0.004	n/a
2562.55078125	0.001	electrical_stimulation	monophasic	F05-F04	0.004	n/a
2567.55029296875	0.001	electrical_stimulation	monophasic	F05-F04	0.004	n/a
2579.294921875	0.001	electrical_stimulation	monophasic	F05-F06	0.004	n/a
2584.294921875	0.001	electrical_stimulation	monophasic	F05-F06	0.004	n/a
2589.29443359375	0.001	electrical_stimulation	monophasic	F05-F06	0.004	n/a
2594.2939453125	0.001	electrical_stimulation	monophasic	F05-F06	0.004	n/a
2599.29345703125	0.001	electrical_stimulation	monophasic	F05-F06	0.004	n/a
2605.26025390625	0.001	electrical_stimulation	monophasic	F06-F05	0.004	n/a
2610.259765625	0.001	electrical_stimulation	monophasic	F06-F05	0.004	n/a
2615.25927734375	0.001	electrical_stimulation	monophasic	F06-F05	0.004	n/a
2620.2587890625	0.001	electrical_stimulation	monophasic	F06-F05	0.004	n/a
2625.25830078125	0.001	electrical_stimulation	monophasic	F06-F05	0.004	n/a
2636.77685546875	0.001	electrical_stimulation	monophasic	F06-F07	0.008	n/a
2641.7763671875	0.001	electrical_stimulation	monophasic	F06-F07	0.008	n/a
2646.77587890625	0.001	electrical_stimulation	monophasic	F06-F07	0.008	n/a
2651.775390625	0.001	electrical_stimulation	monophasic	F06-F07	0.008	n/a
2656.77490234375	0.001	electrical_stimulation	monophasic	F06-F07	0.008	n/a
2662.501953125	0.001	electrical_stimulation	monophasic	F07-F06	0.008	n/a
2667.50146484375	0.001	electrical_stimulation	monophasic	F07-F06	0.008	n/a
2672.5009765625	0.001	electrical_stimulation	monophasic	F07-F06	0.008	n/a
2677.5009765625	0.001	electrical_stimulation	monophasic	F07-F06	0.008	n/a
2682.50048828125	0.001	electrical_stimulation	monophasic	F07-F06	0.008	n/a
2694.271484375	0.001	electrical_stimulation	monophasic	F07-F08	0.008	n/a
2699.27099609375	0.001	electrical_stimulation	monophasic	F07-F08	0.008	n/a
2704.2705078125	0.001	electrical_stimulation	monophasic	F07-F08	0.008	n/a
2709.27001953125	0.001	electrical_stimulation	monophasic	F07-F08	0.008	n/a
2714.27001953125	0.001	electrical_stimulation	monophasic	F07-F08	0.008	n/a
2720.01953125	0.001	electrical_stimulation	monophasic	F08-F07	0.008	n/a
2725.01904296875	0.001	electrical_stimulation	monophasic	F08-F07	0.008	n/a
2730.0185546875	0.001	electrical_stimulation	monophasic	F08-F07	0.008	n/a
2735.0185546875	0.001	electrical_stimulation	monophasic	F08-F07	0.008	n/a
2740.01806640625	0.001	electrical_stimulation	monophasic	F08-F07	0.008	n/a
2751.7666015625	0.001	electrical_stimulation	monophasic	F09-F10	0.008	n/a
2756.76611328125	0.001	electrical_stimulation	monophasic	F09-F10	0.008	n/a
2761.765625	0.001	electrical_stimulation	monophasic	F09-F10	0.008	n/a
2766.76513671875	0.001	electrical_stimulation	monophasic	F09-F10	0.008	n/a
2771.7646484375	0.001	electrical_stimulation	monophasic	F09-F10	0.008	n/a
2777.5146484375	0.001	electrical_stimulation	monophasic	F10-F09	0.008	n/a
2782.51416015625	0.001	electrical_stimulation	monophasic	F10-F09	0.008	n/a
2787.513671875	0.001	electrical_stimulation	monophasic	F10-F09	0.008	n/a
2792.51318359375	0.001	electrical_stimulation	monophasic	F10-F09	0.008	n/a
2797.5126953125	0.001	electrical_stimulation	monophasic	F10-F09	0.008	n/a
2809.29541015625	0.001	electrical_stimulation	monophasic	F10-F11	0.008	n/a
2814.294921875	0.001	electrical_stimulation	monophasic	F10-F11	0.008	n/a
2819.294921875	0.001	electrical_stimulation	monophasic	F10-F11	0.008	n/a
2824.29443359375	0.001	electrical_stimulation	monophasic	F10-F11	0.008	n/a
2829.2939453125	0.001	electrical_stimulation	monophasic	F10-F11	0.008	n/a
2835.2734375	0.001	electrical_stimulation	monophasic	F11-F10	0.008	n/a
2840.2734375	0.001	electrical_stimulation	monophasic	F11-F10	0.008	n/a
2845.27294921875	0.001	electrical_stimulation	monophasic	F11-F10	0.008	n/a
2850.2724609375	0.001	electrical_stimulation	monophasic	F11-F10	0.008	n/a
2855.27197265625	0.001	electrical_stimulation	monophasic	F11-F10	0.008	n/a
2866.7255859375	0.001	electrical_stimulation	monophasic	F11-F12	0.008	n/a
2871.72509765625	0.001	electrical_stimulation	monophasic	F11-F12	0.008	n/a
2876.724609375	0.001	electrical_stimulation	monophasic	F11-F12	0.008	n/a
2881.72412109375	0.001	electrical_stimulation	monophasic	F11-F12	0.008	n/a
2886.7236328125	0.001	electrical_stimulation	monophasic	F11-F12	0.008	n/a
2892.48193359375	0.001	electrical_stimulation	monophasic	F12-F11	0.008	n/a
2897.4814453125	0.001	electrical_stimulation	monophasic	F12-F11	0.008	n/a
2902.48095703125	0.001	electrical_stimulation	monophasic	F12-F11	0.008	n/a
2907.48046875	0.001	electrical_stimulation	monophasic	F12-F11	0.008	n/a
2912.47998046875	0.001	electrical_stimulation	monophasic	F12-F11	0.008	n/a
2924.20654296875	0.001	electrical_stimulation	monophasic	F12-F13	0.004	n/a
2929.2060546875	0.001	electrical_stimulation	monophasic	F12-F13	0.004	n/a
2934.20556640625	0.001	electrical_stimulation	monophasic	F12-F13	0.004	n/a
2939.205078125	0.001	electrical_stimulation	monophasic	F12-F13	0.004	n/a
2944.20458984375	0.001	electrical_stimulation	monophasic	F12-F13	0.004	n/a
2949.9453125	0.001	electrical_stimulation	monophasic	F13-F12	0.004	n/a
2954.9453125	0.001	electrical_stimulation	monophasic	F13-F12	0.004	n/a
2959.94482421875	0.001	electrical_stimulation	monophasic	F13-F12	0.004	n/a
2964.9443359375	0.001	electrical_stimulation	monophasic	F13-F12	0.004	n/a
2969.94384765625	0.001	electrical_stimulation	monophasic	F13-F12	0.004	n/a
2981.669921875	0.001	electrical_stimulation	monophasic	F13-F14	0.004	n/a
2986.66943359375	0.001	electrical_stimulation	monophasic	F13-F14	0.004	n/a
2991.6689453125	0.001	electrical_stimulation	monophasic	F13-F14	0.004	n/a
2996.6689453125	0.001	electrical_stimulation	monophasic	F13-F14	0.004	n/a
3001.66845703125	0.001	electrical_stimulation	monophasic	F13-F14	0.004	n/a
3007.41796875	0.001	electrical_stimulation	monophasic	F14-F13	0.004	n/a
3012.41748046875	0.001	electrical_stimulation	monophasic	F14-F13	0.004	n/a
3017.4169921875	0.001	electrical_stimulation	monophasic	F14-F13	0.004	n/a
3022.41650390625	0.001	electrical_stimulation	monophasic	F14-F13	0.004	n/a
3027.416015625	0.001	electrical_stimulation	monophasic	F14-F13	0.004	n/a
3039.2978515625	0.001	electrical_stimulation	monophasic	F14-F15	0.008	n/a
3044.29736328125	0.001	electrical_stimulation	monophasic	F14-F15	0.008	n/a
3049.296875	0.001	electrical_stimulation	monophasic	F14-F15	0.008	n/a
3054.296875	0.001	electrical_stimulation	monophasic	F14-F15	0.008	n/a
3059.29638671875	0.001	electrical_stimulation	monophasic	F14-F15	0.008	n/a
3064.89501953125	0.001	electrical_stimulation	monophasic	F15-F14	0.008	n/a
3069.89453125	0.001	electrical_stimulation	monophasic	F15-F14	0.008	n/a
3074.89404296875	0.001	electrical_stimulation	monophasic	F15-F14	0.008	n/a
3079.8935546875	0.001	electrical_stimulation	monophasic	F15-F14	0.008	n/a
3084.8935546875	0.001	electrical_stimulation	monophasic	F15-F14	0.008	n/a
3096.6005859375	0.001	electrical_stimulation	monophasic	IH49-IH50	0.008	n/a
3101.60009765625	0.001	electrical_stimulation	monophasic	IH49-IH50	0.008	n/a
3106.599609375	0.001	electrical_stimulation	monophasic	IH49-IH50	0.008	n/a
3111.59912109375	0.001	electrical_stimulation	monophasic	IH49-IH50	0.008	n/a
3116.5986328125	0.001	electrical_stimulation	monophasic	IH49-IH50	0.008	n/a
3122.35693359375	0.001	electrical_stimulation	monophasic	IH50-IH49	0.008	n/a
3127.3564453125	0.001	electrical_stimulation	monophasic	IH50-IH49	0.008	n/a
3132.35595703125	0.001	electrical_stimulation	monophasic	IH50-IH49	0.008	n/a
3137.35546875	0.001	electrical_stimulation	monophasic	IH50-IH49	0.008	n/a
3142.35498046875	0.001	electrical_stimulation	monophasic	IH50-IH49	0.008	n/a
3154.07275390625	0.001	electrical_stimulation	monophasic	IH50-IH51	0.008	n/a
3159.072265625	0.001	electrical_stimulation	monophasic	IH50-IH51	0.008	n/a
3164.07177734375	0.001	electrical_stimulation	monophasic	IH50-IH51	0.008	n/a
3169.0712890625	0.001	electrical_stimulation	monophasic	IH50-IH51	0.008	n/a
3174.07080078125	0.001	electrical_stimulation	monophasic	IH50-IH51	0.008	n/a
3179.8203125	0.001	electrical_stimulation	monophasic	IH51-IH50	0.008	n/a
3184.81982421875	0.001	electrical_stimulation	monophasic	IH51-IH50	0.008	n/a
3189.8193359375	0.001	electrical_stimulation	monophasic	IH51-IH50	0.008	n/a
3194.81884765625	0.001	electrical_stimulation	monophasic	IH51-IH50	0.008	n/a
3199.818359375	0.001	electrical_stimulation	monophasic	IH51-IH50	0.008	n/a
3211.5810546875	0.001	electrical_stimulation	monophasic	IH51-IH52	0.008	n/a
3216.58056640625	0.001	electrical_stimulation	monophasic	IH51-IH52	0.008	n/a
3221.580078125	0.001	electrical_stimulation	monophasic	IH51-IH52	0.008	n/a
3226.57958984375	0.001	electrical_stimulation	monophasic	IH51-IH52	0.008	n/a
3231.5791015625	0.001	electrical_stimulation	monophasic	IH51-IH52	0.008	n/a
3237.31982421875	0.001	electrical_stimulation	monophasic	IH52-IH51	0.008	n/a
3242.3193359375	0.001	electrical_stimulation	monophasic	IH52-IH51	0.008	n/a
3247.31884765625	0.001	electrical_stimulation	monophasic	IH52-IH51	0.008	n/a
3252.318359375	0.001	electrical_stimulation	monophasic	IH52-IH51	0.008	n/a
3257.318359375	0.001	electrical_stimulation	monophasic	IH52-IH51	0.008	n/a
3269.306640625	0.001	electrical_stimulation	monophasic	IH52-IH53	0.008	n/a
3274.30615234375	0.001	electrical_stimulation	monophasic	IH52-IH53	0.008	n/a
3279.3056640625	0.001	electrical_stimulation	monophasic	IH52-IH53	0.008	n/a
3284.30517578125	0.001	electrical_stimulation	monophasic	IH52-IH53	0.008	n/a
3289.3046875	0.001	electrical_stimulation	monophasic	IH52-IH53	0.008	n/a
3294.8232421875	0.001	electrical_stimulation	monophasic	IH53-IH52	0.008	n/a
3299.8232421875	0.001	electrical_stimulation	monophasic	IH53-IH52	0.008	n/a
3304.82275390625	0.001	electrical_stimulation	monophasic	IH53-IH52	0.008	n/a
3309.822265625	0.001	electrical_stimulation	monophasic	IH53-IH52	0.008	n/a
3314.82177734375	0.001	electrical_stimulation	monophasic	IH53-IH52	0.008	n/a
3326.5703125	0.001	electrical_stimulation	monophasic	IH53-IH54	0.008	n/a
3331.56982421875	0.001	electrical_stimulation	monophasic	IH53-IH54	0.008	n/a
3336.56982421875	0.001	electrical_stimulation	monophasic	IH53-IH54	0.008	n/a
3346.56884765625	0.001	electrical_stimulation	monophasic	IH53-IH54	0.008	n/a
3352.318359375	0.001	electrical_stimulation	monophasic	IH54-IH53	0.008	n/a
3357.31787109375	0.001	electrical_stimulation	monophasic	IH54-IH53	0.008	n/a
3362.3173828125	0.001	electrical_stimulation	monophasic	IH54-IH53	0.008	n/a
3367.31689453125	0.001	electrical_stimulation	monophasic	IH54-IH53	0.008	n/a
3372.31640625	0.001	electrical_stimulation	monophasic	IH54-IH53	0.008	n/a
3384.07373046875	0.001	electrical_stimulation	monophasic	IH54-IH55	0.008	n/a
3389.07373046875	0.001	electrical_stimulation	monophasic	IH54-IH55	0.008	n/a
3394.0732421875	0.001	electrical_stimulation	monophasic	IH54-IH55	0.008	n/a
3399.07275390625	0.001	electrical_stimulation	monophasic	IH54-IH55	0.008	n/a
3404.072265625	0.001	electrical_stimulation	monophasic	IH54-IH55	0.008	n/a
3409.83056640625	0.001	electrical_stimulation	monophasic	IH55-IH54	0.008	n/a
3414.830078125	0.001	electrical_stimulation	monophasic	IH55-IH54	0.008	n/a
3419.82958984375	0.001	electrical_stimulation	monophasic	IH55-IH54	0.008	n/a
3424.8291015625	0.001	electrical_stimulation	monophasic	IH55-IH54	0.008	n/a
3429.82861328125	0.001	electrical_stimulation	monophasic	IH55-IH54	0.008	n/a
3441.53759765625	0.001	electrical_stimulation	monophasic	IH55-IH56	0.008	n/a
3446.537109375	0.001	electrical_stimulation	monophasic	IH55-IH56	0.008	n/a
3451.53662109375	0.001	electrical_stimulation	monophasic	IH55-IH56	0.008	n/a
3456.5361328125	0.001	electrical_stimulation	monophasic	IH55-IH56	0.008	n/a
3461.53564453125	0.001	electrical_stimulation	monophasic	IH55-IH56	0.008	n/a
3467.31787109375	0.001	electrical_stimulation	monophasic	IH56-IH55	0.008	n/a
3472.3173828125	0.001	electrical_stimulation	monophasic	IH56-IH55	0.008	n/a
3482.31640625	0.001	electrical_stimulation	monophasic	IH56-IH55	0.008	n/a
3487.31640625	0.001	electrical_stimulation	monophasic	IH56-IH55	0.008	n/a
3499.27783203125	0.001	electrical_stimulation	monophasic	IH56-IH57	0.008	n/a
3504.27734375	0.001	electrical_stimulation	monophasic	IH56-IH57	0.008	n/a
3509.27685546875	0.001	electrical_stimulation	monophasic	IH56-IH57	0.008	n/a
3514.2763671875	0.001	electrical_stimulation	monophasic	IH56-IH57	0.008	n/a
3519.27587890625	0.001	electrical_stimulation	monophasic	IH56-IH57	0.008	n/a
3524.75732421875	0.001	electrical_stimulation	monophasic	IH57-IH56	0.008	n/a
3529.7568359375	0.001	electrical_stimulation	monophasic	IH57-IH56	0.008	n/a
3534.75634765625	0.001	electrical_stimulation	monophasic	IH57-IH56	0.008	n/a
3539.755859375	0.001	electrical_stimulation	monophasic	IH57-IH56	0.008	n/a
3544.75537109375	0.001	electrical_stimulation	monophasic	IH57-IH56	0.008	n/a
3556.48681640625	0.001	electrical_stimulation	monophasic	IH57-IH58	0.008	n/a
3561.486328125	0.001	electrical_stimulation	monophasic	IH57-IH58	0.008	n/a
3566.48583984375	0.001	electrical_stimulation	monophasic	IH57-IH58	0.008	n/a
3571.4853515625	0.001	electrical_stimulation	monophasic	IH57-IH58	0.008	n/a
3576.48486328125	0.001	electrical_stimulation	monophasic	IH57-IH58	0.008	n/a
3582.23486328125	0.001	electrical_stimulation	monophasic	IH58-IH57	0.008	n/a
3587.234375	0.001	electrical_stimulation	monophasic	IH58-IH57	0.008	n/a
3592.234375	0.001	electrical_stimulation	monophasic	IH58-IH57	0.008	n/a
3597.23388671875	0.001	electrical_stimulation	monophasic	IH58-IH57	0.008	n/a
3602.2333984375	0.001	electrical_stimulation	monophasic	IH58-IH57	0.008	n/a
3613.95068359375	0.001	electrical_stimulation	monophasic	IH58-IH59	0.008	n/a
3618.9501953125	0.001	electrical_stimulation	monophasic	IH58-IH59	0.008	n/a
3623.94970703125	0.001	electrical_stimulation	monophasic	IH58-IH59	0.008	n/a
3628.94921875	0.001	electrical_stimulation	monophasic	IH58-IH59	0.008	n/a
3633.94873046875	0.001	electrical_stimulation	monophasic	IH58-IH59	0.008	n/a
3639.6982421875	0.001	electrical_stimulation	monophasic	IH59-IH58	0.008	n/a
3644.69775390625	0.001	electrical_stimulation	monophasic	IH59-IH58	0.008	n/a
3649.697265625	0.001	electrical_stimulation	monophasic	IH59-IH58	0.008	n/a
3654.69677734375	0.001	electrical_stimulation	monophasic	IH59-IH58	0.008	n/a
3659.6962890625	0.001	electrical_stimulation	monophasic	IH59-IH58	0.008	n/a
3671.4228515625	0.001	electrical_stimulation	monophasic	IH59-IH60	0.008	n/a
3676.42236328125	0.001	electrical_stimulation	monophasic	IH59-IH60	0.008	n/a
3681.421875	0.001	electrical_stimulation	monophasic	IH59-IH60	0.008	n/a
3686.42138671875	0.001	electrical_stimulation	monophasic	IH59-IH60	0.008	n/a
3697.32080078125	0.001	electrical_stimulation	monophasic	IH60-IH59	0.008	n/a
3702.3203125	0.001	electrical_stimulation	monophasic	IH60-IH59	0.008	n/a
3707.31982421875	0.001	electrical_stimulation	monophasic	IH60-IH59	0.008	n/a
3712.3193359375	0.001	electrical_stimulation	monophasic	IH60-IH59	0.008	n/a
3717.31884765625	0.001	electrical_stimulation	monophasic	IH60-IH59	0.008	n/a
