onset	duration	trial_type	electrical_stimulation_type	electrical_stimulation_site	electrical_stimulation_current	status	status_description
510.07373046875	0.0002	electrical_stimulation	biphasic	LTG1-LTG2	6.0 mA	good	n/a
594.72705078125	0.0002	electrical_stimulation	biphasic	LTG1-LTG2	6.0 mA	good	n/a
601.4365234375	0.0002	electrical_stimulation	biphasic	LTG1-LTG2	6.0 mA	good	n/a
606.86376953125	0.0002	electrical_stimulation	biphasic	LTG1-LTG2	6.0 mA	good	n/a
612.99462890625	0.0002	electrical_stimulation	biphasic	LTG1-LTG2	6.0 mA	good	n/a
618.35400390625	0.0002	electrical_stimulation	biphasic	LTG1-LTG2	6.0 mA	good	n/a
624.25537109375	0.0002	electrical_stimulation	biphasic	LTG1-LTG2	6.0 mA	good	n/a
629.95849609375	0.0002	electrical_stimulation	biphasic	LTG1-LTG2	6.0 mA	good	n/a
635.41162109375	0.0002	electrical_stimulation	biphasic	LTG1-LTG2	6.0 mA	good	n/a
639.88427734375	0.0002	electrical_stimulation	biphasic	LTG1-LTG2	6.0 mA	good	n/a
645.5517578125	0.0002	electrical_stimulation	biphasic	LTG1-LTG2	6.0 mA	good	n/a
650.70263671875	0.0002	electrical_stimulation	biphasic	LTG1-LTG2	6.0 mA	good	n/a
657.0576171875	0.0002	electrical_stimulation	biphasic	LTG1-LTG2	6.0 mA	good	n/a
662.19775390625	0.0002	electrical_stimulation	biphasic	LTG1-LTG2	6.0 mA	good	n/a
667.41650390625	0.0002	electrical_stimulation	biphasic	LTG1-LTG2	6.0 mA	good	n/a
673.18212890625	0.0002	electrical_stimulation	biphasic	LTG1-LTG2	6.0 mA	good	n/a
678.3330078125	0.0002	electrical_stimulation	biphasic	LTG1-LTG2	6.0 mA	good	n/a
794.2060546875	0.0002	electrical_stimulation	biphasic	LTG2-LTG3	6.0 mA	good	n/a
799.33544921875	0.0002	electrical_stimulation	biphasic	LTG2-LTG3	6.0 mA	bad	n/a
804.2939453125	0.0002	electrical_stimulation	biphasic	LTG2-LTG3	6.0 mA	good	n/a
809.64794921875	0.0002	electrical_stimulation	biphasic	LTG2-LTG3	6.0 mA	good	n/a
815.24169921875	0.0002	electrical_stimulation	biphasic	LTG2-LTG3	6.0 mA	good	n/a
819.33447265625	0.0002	electrical_stimulation	biphasic	LTG2-LTG3	6.0 mA	good	n/a
823.71337890625	0.0002	electrical_stimulation	biphasic	LTG2-LTG3	6.0 mA	good	n/a
828.65966796875	0.0002	electrical_stimulation	biphasic	LTG2-LTG3	6.0 mA	good	n/a
832.2685546875	0.0002	electrical_stimulation	biphasic	LTG2-LTG3	6.0 mA	good	n/a
837.2890625	0.0002	electrical_stimulation	biphasic	LTG2-LTG3	6.0 mA	good	n/a
842.595703125	0.0002	electrical_stimulation	biphasic	LTG2-LTG3	6.0 mA	good	n/a
846.21337890625	0.0002	electrical_stimulation	biphasic	LTG2-LTG3	6.0 mA	good	n/a
850.91650390625	0.0002	electrical_stimulation	biphasic	LTG2-LTG3	6.0 mA	good	n/a
877.49560546875	0.0002	electrical_stimulation	biphasic	LTG3-LTG4	6.0 mA	good	n/a
883.2666015625	0.0002	electrical_stimulation	biphasic	LTG3-LTG4	6.0 mA	good	n/a
885.80029296875	0.0002	electrical_stimulation	biphasic	LTG3-LTG4	6.0 mA	good	n/a
890.5859375	0.0002	electrical_stimulation	biphasic	LTG3-LTG4	6.0 mA	good	n/a
895.67333984375	0.0002	electrical_stimulation	biphasic	LTG3-LTG4	6.0 mA	good	n/a
899.4169921875	0.0002	electrical_stimulation	biphasic	LTG3-LTG4	6.0 mA	good	n/a
904.22412109375	0.0002	electrical_stimulation	biphasic	LTG3-LTG4	6.0 mA	good	n/a
909.26513671875	0.0002	electrical_stimulation	biphasic	LTG3-LTG4	6.0 mA	good	n/a
912.19482421875	0.0002	electrical_stimulation	biphasic	LTG3-LTG4	6.0 mA	good	n/a
917.5595703125	0.0002	electrical_stimulation	biphasic	LTG3-LTG4	6.0 mA	good	n/a
923.06494140625	0.0002	electrical_stimulation	biphasic	LTG3-LTG4	6.0 mA	good	n/a
926.61962890625	0.0002	electrical_stimulation	biphasic	LTG3-LTG4	6.0 mA	good	n/a
933.10546875	0.0002	electrical_stimulation	biphasic	LTG3-LTG4	6.0 mA	good	n/a
968.29052734375	0.0002	electrical_stimulation	biphasic	LTG4-LTG5	6.0 mA	good	n/a
992.17578125	0.0002	electrical_stimulation	biphasic	LTG4-LTG5	6.0 mA	good	n/a
1000.1259765625	0.0002	electrical_stimulation	biphasic	LTG4-LTG5	6.0 mA	good	n/a
1006.84619140625	0.0002	electrical_stimulation	biphasic	LTG4-LTG5	6.0 mA	good	n/a
1012.8046875	0.0002	electrical_stimulation	biphasic	LTG4-LTG5	6.0 mA	good	n/a
1017.642578125	0.0002	electrical_stimulation	biphasic	LTG4-LTG5	6.0 mA	good	n/a
1023.14208984375	0.0002	electrical_stimulation	biphasic	LTG4-LTG5	6.0 mA	good	n/a
1029.10595703125	0.0002	electrical_stimulation	biphasic	LTG4-LTG5	6.0 mA	good	n/a
1033.29833984375	0.0002	electrical_stimulation	biphasic	LTG4-LTG5	6.0 mA	good	n/a
1038.9912109375	0.0002	electrical_stimulation	biphasic	LTG4-LTG5	6.0 mA	good	n/a
1044.7412109375	0.0002	electrical_stimulation	biphasic	LTG4-LTG5	6.0 mA	good	n/a
1051.19580078125	0.0002	electrical_stimulation	biphasic	LTG4-LTG5	6.0 mA	good	n/a
1095.70703125	0.0002	electrical_stimulation	biphasic	LTG5-LTG6	6.0 mA	good	n/a
1102.421875	0.0002	electrical_stimulation	biphasic	LTG5-LTG6	6.0 mA	good	n/a
1108.24560546875	0.0002	electrical_stimulation	biphasic	LTG5-LTG6	6.0 mA	good	n/a
1114.60107421875	0.0002	electrical_stimulation	biphasic	LTG5-LTG6	6.0 mA	good	n/a
1120.48583984375	0.0002	electrical_stimulation	biphasic	LTG5-LTG6	6.0 mA	good	n/a
1124.90234375	0.0002	electrical_stimulation	biphasic	LTG5-LTG6	6.0 mA	good	n/a
1129.95947265625	0.0002	electrical_stimulation	biphasic	LTG5-LTG6	6.0 mA	good	n/a
1136.2939453125	0.0002	electrical_stimulation	biphasic	LTG5-LTG6	6.0 mA	good	n/a
1141.255859375	0.0002	electrical_stimulation	biphasic	LTG5-LTG6	6.0 mA	good	n/a
1147.18359375	0.0002	electrical_stimulation	biphasic	LTG5-LTG6	6.0 mA	good	n/a
1199.0087890625	0.0002	electrical_stimulation	biphasic	LTG6-LTG7	6.0 mA	good	n/a
1203.0498046875	0.0002	electrical_stimulation	biphasic	LTG6-LTG7	6.0 mA	good	n/a
1207.3193359375	0.0002	electrical_stimulation	biphasic	LTG6-LTG7	6.0 mA	good	n/a
1212.58984375	0.0002	electrical_stimulation	biphasic	LTG6-LTG7	6.0 mA	good	n/a
1218.02734375	0.0002	electrical_stimulation	biphasic	LTG6-LTG7	6.0 mA	good	n/a
1222.62060546875	0.0002	electrical_stimulation	biphasic	LTG6-LTG7	6.0 mA	good	n/a
1226.20166015625	0.0002	electrical_stimulation	biphasic	LTG6-LTG7	6.0 mA	good	n/a
1230.88330078125	0.0002	electrical_stimulation	biphasic	LTG6-LTG7	6.0 mA	good	n/a
1236.107421875	0.0002	electrical_stimulation	biphasic	LTG6-LTG7	6.0 mA	good	n/a
1242.48828125	0.0002	electrical_stimulation	biphasic	LTG6-LTG7	6.0 mA	good	n/a
1265.66796875	0.0002	electrical_stimulation	biphasic	LTG7-LTG8	6.0 mA	good	n/a
1270.515625	0.0002	electrical_stimulation	biphasic	LTG7-LTG8	6.0 mA	bad	n/a
1275.27099609375	0.0002	electrical_stimulation	biphasic	LTG7-LTG8	6.0 mA	good	n/a
1279.70751953125	0.0002	electrical_stimulation	biphasic	LTG7-LTG8	6.0 mA	good	n/a
1285.15478515625	0.0002	electrical_stimulation	biphasic	LTG7-LTG8	6.0 mA	bad	n/a
1296.0458984375	0.0002	electrical_stimulation	biphasic	LTG7-LTG8	6.0 mA	good	n/a
1301.56689453125	0.0002	electrical_stimulation	biphasic	LTG7-LTG8	6.0 mA	good	n/a
1306.6865234375	0.0002	electrical_stimulation	biphasic	LTG7-LTG8	6.0 mA	good	n/a
1311.05029296875	0.0002	electrical_stimulation	biphasic	LTG7-LTG8	6.0 mA	good	n/a
1322.7109375	0.0002	electrical_stimulation	biphasic	LTG7-LTG8	6.0 mA	good	n/a
1330.6103515625	0.0002	electrical_stimulation	biphasic	LTG7-LTG8	6.0 mA	good	n/a
1407.45654296875	0.0002	electrical_stimulation	biphasic	LTG9-LTG10	6.0 mA	good	n/a
1413.0244140625	0.0002	electrical_stimulation	biphasic	LTG9-LTG10	6.0 mA	good	n/a
1418.45703125	0.0002	electrical_stimulation	biphasic	LTG9-LTG10	6.0 mA	good	n/a
1426.00048828125	0.0002	electrical_stimulation	biphasic	LTG9-LTG10	6.0 mA	good	n/a
1430.9794921875	0.0002	electrical_stimulation	biphasic	LTG9-LTG10	6.0 mA	good	n/a
1437.943359375	0.0002	electrical_stimulation	biphasic	LTG9-LTG10	6.0 mA	good	n/a
1443.12109375	0.0002	electrical_stimulation	biphasic	LTG9-LTG10	6.0 mA	good	n/a
1448.47509765625	0.0002	electrical_stimulation	biphasic	LTG9-LTG10	6.0 mA	good	n/a
1453.62646484375	0.0002	electrical_stimulation	biphasic	LTG9-LTG10	6.0 mA	good	n/a
1458.30078125	0.0002	electrical_stimulation	biphasic	LTG9-LTG10	6.0 mA	good	n/a
1484.69287109375	0.0002	electrical_stimulation	biphasic	LTG10-LTG11	6.0 mA	good	n/a
1490.45361328125	0.0002	electrical_stimulation	biphasic	LTG10-LTG11	6.0 mA	good	n/a
1496.66845703125	0.0002	electrical_stimulation	biphasic	LTG10-LTG11	6.0 mA	good	n/a
1501.83984375	0.0002	electrical_stimulation	biphasic	LTG10-LTG11	6.0 mA	good	n/a
1515.919921875	0.0002	electrical_stimulation	biphasic	LTG10-LTG11	6.0 mA	good	n/a
1527.97412109375	0.0002	electrical_stimulation	biphasic	LTG10-LTG11	6.0 mA	good	n/a
1532.84228515625	0.0002	electrical_stimulation	biphasic	LTG10-LTG11	6.0 mA	good	n/a
1536.23193359375	0.0002	electrical_stimulation	biphasic	LTG10-LTG11	6.0 mA	good	n/a
1541.0751953125	0.0002	electrical_stimulation	biphasic	LTG10-LTG11	6.0 mA	good	n/a
1545.79833984375	0.0002	electrical_stimulation	biphasic	LTG10-LTG11	6.0 mA	good	n/a
1576.59228515625	0.0002	electrical_stimulation	biphasic	LTG11-LTG12	6.0 mA	good	n/a
1582.46337890625	0.0002	electrical_stimulation	biphasic	LTG11-LTG12	6.0 mA	good	n/a
1587.2958984375	0.0002	electrical_stimulation	biphasic	LTG11-LTG12	6.0 mA	good	n/a
1592.36328125	0.0002	electrical_stimulation	biphasic	LTG11-LTG12	6.0 mA	good	n/a
1597.25341796875	0.0002	electrical_stimulation	biphasic	LTG11-LTG12	6.0 mA	good	n/a
1601.5126953125	0.0002	electrical_stimulation	biphasic	LTG11-LTG12	6.0 mA	good	n/a
1605.87109375	0.0002	electrical_stimulation	biphasic	LTG11-LTG12	6.0 mA	good	n/a
1609.572265625	0.0002	electrical_stimulation	biphasic	LTG11-LTG12	6.0 mA	good	n/a
1613.79541015625	0.0002	electrical_stimulation	biphasic	LTG11-LTG12	6.0 mA	good	n/a
1619.67578125	0.0002	electrical_stimulation	biphasic	LTG11-LTG12	6.0 mA	good	n/a
1643.74169921875	0.0002	electrical_stimulation	biphasic	LTG12-LTG13	6.0 mA	good	n/a
1648.49609375	0.0002	electrical_stimulation	biphasic	LTG12-LTG13	6.0 mA	good	n/a
1653.177734375	0.0002	electrical_stimulation	biphasic	LTG12-LTG13	6.0 mA	good	n/a
1657.8017578125	0.0002	electrical_stimulation	biphasic	LTG12-LTG13	6.0 mA	good	n/a
1663.79736328125	0.0002	electrical_stimulation	biphasic	LTG12-LTG13	6.0 mA	good	n/a
1668.228515625	0.0002	electrical_stimulation	biphasic	LTG12-LTG13	6.0 mA	good	n/a
1672.37841796875	0.0002	electrical_stimulation	biphasic	LTG12-LTG13	6.0 mA	good	n/a
1676.43994140625	0.0002	electrical_stimulation	biphasic	LTG12-LTG13	6.0 mA	good	n/a
1682.09619140625	0.0002	electrical_stimulation	biphasic	LTG12-LTG13	6.0 mA	good	n/a
1703.1748046875	0.0002	electrical_stimulation	biphasic	LTG13-LTG14	6.0 mA	good	n/a
1708.03369140625	0.0002	electrical_stimulation	biphasic	LTG13-LTG14	6.0 mA	good	n/a
1712.8349609375	0.0002	electrical_stimulation	biphasic	LTG13-LTG14	6.0 mA	good	n/a
1718.2783203125	0.0002	electrical_stimulation	biphasic	LTG13-LTG14	6.0 mA	good	n/a
1721.3330078125	0.0002	electrical_stimulation	biphasic	LTG13-LTG14	6.0 mA	good	n/a
1727.8447265625	0.0002	electrical_stimulation	biphasic	LTG13-LTG14	6.0 mA	good	n/a
1733.01513671875	0.0002	electrical_stimulation	biphasic	LTG13-LTG14	6.0 mA	good	n/a
1738.8603515625	0.0002	electrical_stimulation	biphasic	LTG13-LTG14	6.0 mA	good	n/a
1743.77099609375	0.0002	electrical_stimulation	biphasic	LTG13-LTG14	6.0 mA	good	n/a
1749.47412109375	0.0002	electrical_stimulation	biphasic	LTG13-LTG14	6.0 mA	good	n/a
1779.96728515625	0.0002	electrical_stimulation	biphasic	LTG14-LTG15	6.0 mA	good	n/a
1784.73291015625	0.0002	electrical_stimulation	biphasic	LTG14-LTG15	6.0 mA	good	n/a
1789.27392578125	0.0002	electrical_stimulation	biphasic	LTG14-LTG15	6.0 mA	good	n/a
1793.83544921875	0.0002	electrical_stimulation	biphasic	LTG14-LTG15	6.0 mA	good	n/a
1798.2666015625	0.0002	electrical_stimulation	biphasic	LTG14-LTG15	6.0 mA	good	n/a
1802.04638671875	0.0002	electrical_stimulation	biphasic	LTG14-LTG15	6.0 mA	good	n/a
1806.8896484375	0.0002	electrical_stimulation	biphasic	LTG14-LTG15	6.0 mA	good	n/a
1811.27392578125	0.0002	electrical_stimulation	biphasic	LTG14-LTG15	6.0 mA	good	n/a
1815.673828125	0.0002	electrical_stimulation	biphasic	LTG14-LTG15	6.0 mA	bad	n/a
1820.736328125	0.0002	electrical_stimulation	biphasic	LTG14-LTG15	6.0 mA	good	n/a
1840.8974609375	0.0002	electrical_stimulation	biphasic	LTG15-LTG16	6.0 mA	good	n/a
1846.26708984375	0.0002	electrical_stimulation	biphasic	LTG15-LTG16	6.0 mA	good	n/a
1850.896484375	0.0002	electrical_stimulation	biphasic	LTG15-LTG16	6.0 mA	good	n/a
1856.07861328125	0.0002	electrical_stimulation	biphasic	LTG15-LTG16	6.0 mA	good	n/a
1860.63427734375	0.0002	electrical_stimulation	biphasic	LTG15-LTG16	6.0 mA	good	n/a
1866.3486328125	0.0002	electrical_stimulation	biphasic	LTG15-LTG16	6.0 mA	good	n/a
1870.75830078125	0.0002	electrical_stimulation	biphasic	LTG15-LTG16	6.0 mA	good	n/a
1874.99755859375	0.0002	electrical_stimulation	biphasic	LTG15-LTG16	6.0 mA	good	n/a
1879.3974609375	0.0002	electrical_stimulation	biphasic	LTG15-LTG16	6.0 mA	good	n/a
1884.02197265625	0.0002	electrical_stimulation	biphasic	LTG15-LTG16	6.0 mA	good	n/a
1903.6875	0.0002	electrical_stimulation	biphasic	LTG17-LTG18	6.0 mA	good	n/a
1908.9375	0.0002	electrical_stimulation	biphasic	LTG17-LTG18	6.0 mA	good	n/a
1914.0517578125	0.0002	electrical_stimulation	biphasic	LTG17-LTG18	6.0 mA	good	n/a
1919.0302734375	0.0002	electrical_stimulation	biphasic	LTG17-LTG18	6.0 mA	good	n/a
1924.18115234375	0.0002	electrical_stimulation	biphasic	LTG17-LTG18	6.0 mA	good	n/a
1929.30078125	0.0002	electrical_stimulation	biphasic	LTG17-LTG18	6.0 mA	good	n/a
1932.658203125	0.0002	electrical_stimulation	biphasic	LTG17-LTG18	6.0 mA	good	n/a
1938.0224609375	0.0002	electrical_stimulation	biphasic	LTG17-LTG18	6.0 mA	good	n/a
1942.69873046875	0.0002	electrical_stimulation	biphasic	LTG17-LTG18	6.0 mA	good	n/a
1947.15625	0.0002	electrical_stimulation	biphasic	LTG17-LTG18	6.0 mA	good	n/a
1963.05810546875	0.0002	electrical_stimulation	biphasic	LTG18-LTG19	6.0 mA	good	n/a
1967.91162109375	0.0002	electrical_stimulation	biphasic	LTG18-LTG19	6.0 mA	good	n/a
1972.02001953125	0.0002	electrical_stimulation	biphasic	LTG18-LTG19	6.0 mA	good	n/a
1977.0927734375	0.0002	electrical_stimulation	biphasic	LTG18-LTG19	6.0 mA	bad	n/a
1981.9775390625	0.0002	electrical_stimulation	biphasic	LTG18-LTG19	6.0 mA	bad	n/a
1985.673828125	0.0002	electrical_stimulation	biphasic	LTG18-LTG19	6.0 mA	good	n/a
1990.41259765625	0.0002	electrical_stimulation	biphasic	LTG18-LTG19	6.0 mA	good	n/a
1994.4267578125	0.0002	electrical_stimulation	biphasic	LTG18-LTG19	6.0 mA	good	n/a
1999.5	0.0002	electrical_stimulation	biphasic	LTG18-LTG19	6.0 mA	good	n/a
2004.05615234375	0.0002	electrical_stimulation	biphasic	LTG18-LTG19	6.0 mA	good	n/a
2024.05517578125	0.0002	electrical_stimulation	biphasic	LTG19-LTG20	6.0 mA	good	n/a
2028.19482421875	0.0002	electrical_stimulation	biphasic	LTG19-LTG20	6.0 mA	good	n/a
2033.2099609375	0.0002	electrical_stimulation	biphasic	LTG19-LTG20	6.0 mA	good	n/a
2037.615234375	0.0002	electrical_stimulation	biphasic	LTG19-LTG20	6.0 mA	good	n/a
2042.2861328125	0.0002	electrical_stimulation	biphasic	LTG19-LTG20	6.0 mA	good	n/a
2047.228515625	0.0002	electrical_stimulation	biphasic	LTG19-LTG20	6.0 mA	good	n/a
2051.8115234375	0.0002	electrical_stimulation	biphasic	LTG19-LTG20	6.0 mA	good	n/a
2055.6689453125	0.0002	electrical_stimulation	biphasic	LTG19-LTG20	6.0 mA	good	n/a
2060.35595703125	0.0002	electrical_stimulation	biphasic	LTG19-LTG20	6.0 mA	good	n/a
2064.81787109375	0.0002	electrical_stimulation	biphasic	LTG19-LTG20	6.0 mA	good	n/a
2087.0595703125	0.0002	electrical_stimulation	biphasic	LTG20-LTG21	6.0 mA	good	n/a
2091.98583984375	0.0002	electrical_stimulation	biphasic	LTG20-LTG21	6.0 mA	good	n/a
2096.69873046875	0.0002	electrical_stimulation	biphasic	LTG20-LTG21	6.0 mA	good	n/a
2101.96435546875	0.0002	electrical_stimulation	biphasic	LTG20-LTG21	6.0 mA	good	n/a
2106.07177734375	0.0002	electrical_stimulation	biphasic	LTG20-LTG21	6.0 mA	good	n/a
2110.54541015625	0.0002	electrical_stimulation	biphasic	LTG20-LTG21	6.0 mA	good	n/a
2114.5126953125	0.0002	electrical_stimulation	biphasic	LTG20-LTG21	6.0 mA	good	n/a
2118.82470703125	0.0002	electrical_stimulation	biphasic	LTG20-LTG21	6.0 mA	good	n/a
2123.599609375	0.0002	electrical_stimulation	biphasic	LTG20-LTG21	6.0 mA	good	n/a
2128.0517578125	0.0002	electrical_stimulation	biphasic	LTG20-LTG21	6.0 mA	good	n/a
2146.2578125	0.0002	electrical_stimulation	biphasic	LTG21-LTG22	6.0 mA	good	n/a
2151.0341796875	0.0002	electrical_stimulation	biphasic	LTG21-LTG22	6.0 mA	good	n/a
2154.9013671875	0.0002	electrical_stimulation	biphasic	LTG21-LTG22	6.0 mA	good	n/a
2159.056640625	0.0002	electrical_stimulation	biphasic	LTG21-LTG22	6.0 mA	good	n/a
2163.4775390625	0.0002	electrical_stimulation	biphasic	LTG21-LTG22	6.0 mA	good	n/a
2168.810546875	0.0002	electrical_stimulation	biphasic	LTG21-LTG22	6.0 mA	good	n/a
2172.845703125	0.0002	electrical_stimulation	biphasic	LTG21-LTG22	6.0 mA	good	n/a
2177.64208984375	0.0002	electrical_stimulation	biphasic	LTG21-LTG22	6.0 mA	good	n/a
2186.197265625	0.0002	electrical_stimulation	biphasic	LTG21-LTG22	6.0 mA	good	n/a
2203.2353515625	0.0002	electrical_stimulation	biphasic	LTG22-LTG23	6.0 mA	good	n/a
2208.0576171875	0.0002	electrical_stimulation	biphasic	LTG22-LTG23	6.0 mA	good	n/a
2211.09716796875	0.0002	electrical_stimulation	biphasic	LTG22-LTG23	6.0 mA	good	n/a
2215.98193359375	0.0002	electrical_stimulation	biphasic	LTG22-LTG23	6.0 mA	good	n/a
2220.501953125	0.0002	electrical_stimulation	biphasic	LTG22-LTG23	6.0 mA	good	n/a
2224.765625	0.0002	electrical_stimulation	biphasic	LTG22-LTG23	6.0 mA	good	n/a
2229.880859375	0.0002	electrical_stimulation	biphasic	LTG22-LTG23	6.0 mA	good	n/a
2234.484375	0.0002	electrical_stimulation	biphasic	LTG22-LTG23	6.0 mA	good	n/a
2239.07177734375	0.0002	electrical_stimulation	biphasic	LTG22-LTG23	6.0 mA	good	n/a
2243.64404296875	0.0002	electrical_stimulation	biphasic	LTG22-LTG23	6.0 mA	good	n/a
2259.978515625	0.0002	electrical_stimulation	biphasic	LTG23-LTG24	6.0 mA	good	n/a
2263.70068359375	0.0002	electrical_stimulation	biphasic	LTG23-LTG24	6.0 mA	good	n/a
2267.9912109375	0.0002	electrical_stimulation	biphasic	LTG23-LTG24	6.0 mA	good	n/a
2272.74072265625	0.0002	electrical_stimulation	biphasic	LTG23-LTG24	6.0 mA	good	n/a
2277.087890625	0.0002	electrical_stimulation	biphasic	LTG23-LTG24	6.0 mA	good	n/a
2281.775390625	0.0002	electrical_stimulation	biphasic	LTG23-LTG24	6.0 mA	good	n/a
2286.2119140625	0.0002	electrical_stimulation	biphasic	LTG23-LTG24	6.0 mA	good	n/a
2289.97607421875	0.0002	electrical_stimulation	biphasic	LTG23-LTG24	6.0 mA	good	n/a
2294.1044921875	0.0002	electrical_stimulation	biphasic	LTG23-LTG24	6.0 mA	good	n/a
2298.244140625	0.0002	electrical_stimulation	biphasic	LTG23-LTG24	6.0 mA	good	n/a
2321.8046875	0.0002	electrical_stimulation	biphasic	LTG25-LTG26	6.0 mA	good	n/a
2327.86767578125	0.0002	electrical_stimulation	biphasic	LTG25-LTG26	6.0 mA	good	n/a
2333.57080078125	0.0002	electrical_stimulation	biphasic	LTG25-LTG26	6.0 mA	good	n/a
2338.54931640625	0.0002	electrical_stimulation	biphasic	LTG25-LTG26	6.0 mA	good	n/a
2342.57958984375	0.0002	electrical_stimulation	biphasic	LTG25-LTG26	6.0 mA	good	n/a
2347.7978515625	0.0002	electrical_stimulation	biphasic	LTG25-LTG26	6.0 mA	good	n/a
2352.025390625	0.0002	electrical_stimulation	biphasic	LTG25-LTG26	6.0 mA	good	n/a
2355.53466796875	0.0002	electrical_stimulation	biphasic	LTG25-LTG26	6.0 mA	good	n/a
2359.02294921875	0.0002	electrical_stimulation	biphasic	LTG25-LTG26	6.0 mA	good	n/a
2363.041015625	0.0002	electrical_stimulation	biphasic	LTG25-LTG26	6.0 mA	good	n/a
2379.82373046875	0.0002	electrical_stimulation	biphasic	LTG26-LTG27	6.0 mA	good	n/a
2384.86572265625	0.0002	electrical_stimulation	biphasic	LTG26-LTG27	6.0 mA	good	n/a
2388.46826171875	0.0002	electrical_stimulation	biphasic	LTG26-LTG27	6.0 mA	good	n/a
2392.68505859375	0.0002	electrical_stimulation	biphasic	LTG26-LTG27	6.0 mA	good	n/a
2396.9345703125	0.0002	electrical_stimulation	biphasic	LTG26-LTG27	6.0 mA	good	n/a
2401.955078125	0.0002	electrical_stimulation	biphasic	LTG26-LTG27	6.0 mA	good	n/a
2405.7451171875	0.0002	electrical_stimulation	biphasic	LTG26-LTG27	6.0 mA	good	n/a
2410.640625	0.0002	electrical_stimulation	biphasic	LTG26-LTG27	6.0 mA	good	n/a
2415.26025390625	0.0002	electrical_stimulation	biphasic	LTG26-LTG27	6.0 mA	good	n/a
2419.404296875	0.0002	electrical_stimulation	biphasic	LTG26-LTG27	6.0 mA	good	n/a
2446.6181640625	0.0002	electrical_stimulation	biphasic	LTG27-LTG28	6.0 mA	good	n/a
2451.30078125	0.0002	electrical_stimulation	biphasic	LTG27-LTG28	6.0 mA	good	n/a
2455.99169921875	0.0002	electrical_stimulation	biphasic	LTG27-LTG28	6.0 mA	good	n/a
2460.01171875	0.0002	electrical_stimulation	biphasic	LTG27-LTG28	6.0 mA	good	n/a
2464.8134765625	0.0002	electrical_stimulation	biphasic	LTG27-LTG28	6.0 mA	good	n/a
2474.60302734375	0.0002	electrical_stimulation	biphasic	LTG27-LTG28	6.0 mA	good	n/a
2479.56201171875	0.0002	electrical_stimulation	biphasic	LTG27-LTG28	6.0 mA	good	n/a
2485.0244140625	0.0002	electrical_stimulation	biphasic	LTG27-LTG28	6.0 mA	good	n/a
2489.30517578125	0.0002	electrical_stimulation	biphasic	LTG27-LTG28	6.0 mA	good	n/a
2493.18505859375	0.0002	electrical_stimulation	biphasic	LTG27-LTG28	6.0 mA	good	n/a
2497.6728515625	0.0002	electrical_stimulation	biphasic	LTG27-LTG28	6.0 mA	good	n/a
2518.20849609375	0.0002	electrical_stimulation	biphasic	LTG28-LTG29	6.0 mA	good	n/a
2523.177734375	0.0002	electrical_stimulation	biphasic	LTG28-LTG29	6.0 mA	good	n/a
2527.029296875	0.0002	electrical_stimulation	biphasic	LTG28-LTG29	6.0 mA	good	n/a
2531.341796875	0.0002	electrical_stimulation	biphasic	LTG28-LTG29	6.0 mA	good	n/a
2536.06005859375	0.0002	electrical_stimulation	biphasic	LTG28-LTG29	6.0 mA	good	n/a
2540.54345703125	0.0002	electrical_stimulation	biphasic	LTG28-LTG29	6.0 mA	good	n/a
2544.96923828125	0.0002	electrical_stimulation	biphasic	LTG28-LTG29	6.0 mA	good	n/a
2550.1044921875	0.0002	electrical_stimulation	biphasic	LTG28-LTG29	6.0 mA	good	n/a
2554.1240234375	0.0002	electrical_stimulation	biphasic	LTG28-LTG29	6.0 mA	good	n/a
2558.3203125	0.0002	electrical_stimulation	biphasic	LTG28-LTG29	6.0 mA	good	n/a
2580.76513671875	0.0002	electrical_stimulation	biphasic	LTG29-LTG30	6.0 mA	good	n/a
2586.46875	0.0002	electrical_stimulation	biphasic	LTG29-LTG30	6.0 mA	good	n/a
2591.36376953125	0.0002	electrical_stimulation	biphasic	LTG29-LTG30	6.0 mA	good	n/a
2595.24267578125	0.0002	electrical_stimulation	biphasic	LTG29-LTG30	6.0 mA	good	n/a
2598.86572265625	0.0002	electrical_stimulation	biphasic	LTG29-LTG30	6.0 mA	good	n/a
2603.880859375	0.0002	electrical_stimulation	biphasic	LTG29-LTG30	6.0 mA	good	n/a
2607.62841796875	0.0002	electrical_stimulation	biphasic	LTG29-LTG30	6.0 mA	good	n/a
2611.93017578125	0.0002	electrical_stimulation	biphasic	LTG29-LTG30	6.0 mA	good	n/a
2616.18359375	0.0002	electrical_stimulation	biphasic	LTG29-LTG30	6.0 mA	good	n/a
2619.708984375	0.0002	electrical_stimulation	biphasic	LTG29-LTG30	6.0 mA	good	n/a
2637.31494140625	0.0002	electrical_stimulation	biphasic	LTG30-LTG31	6.0 mA	good	n/a
2641.32861328125	0.0002	electrical_stimulation	biphasic	LTG30-LTG31	6.0 mA	good	n/a
2644.88037109375	0.0002	electrical_stimulation	biphasic	LTG30-LTG31	6.0 mA	good	n/a
2648.8212890625	0.0002	electrical_stimulation	biphasic	LTG30-LTG31	6.0 mA	good	n/a
2652.98046875	0.0002	electrical_stimulation	biphasic	LTG30-LTG31	6.0 mA	good	n/a
2657.046875	0.0002	electrical_stimulation	biphasic	LTG30-LTG31	6.0 mA	good	n/a
2660.3525390625	0.0002	electrical_stimulation	biphasic	LTG30-LTG31	6.0 mA	good	n/a
2664.28369140625	0.0002	electrical_stimulation	biphasic	LTG30-LTG31	6.0 mA	good	n/a
2668.2978515625	0.0002	electrical_stimulation	biphasic	LTG30-LTG31	6.0 mA	good	n/a
2672.775390625	0.0002	electrical_stimulation	biphasic	LTG30-LTG31	6.0 mA	good	n/a
2694.60546875	0.0002	electrical_stimulation	biphasic	LTG31-LTG32	6.0 mA	good	n/a
2699.36572265625	0.0002	electrical_stimulation	biphasic	LTG31-LTG32	6.0 mA	good	n/a
2706.18994140625	0.0002	electrical_stimulation	biphasic	LTG31-LTG32	6.0 mA	good	n/a
2714.13916015625	0.0002	electrical_stimulation	biphasic	LTG31-LTG32	6.0 mA	good	n/a
2722.0224609375	0.0002	electrical_stimulation	biphasic	LTG31-LTG32	6.0 mA	good	n/a
2728.68408203125	0.0002	electrical_stimulation	biphasic	LTG31-LTG32	6.0 mA	good	n/a
2733.2568359375	0.0002	electrical_stimulation	biphasic	LTG31-LTG32	6.0 mA	good	n/a
2738.3232421875	0.0002	electrical_stimulation	biphasic	LTG31-LTG32	6.0 mA	good	n/a
2743.2666015625	0.0002	electrical_stimulation	biphasic	LTG31-LTG32	6.0 mA	good	n/a
2747.72802734375	0.0002	electrical_stimulation	biphasic	LTG31-LTG32	6.0 mA	good	n/a
2766.92041015625	0.0002	electrical_stimulation	biphasic	LTG33-LTG34	6.0 mA	good	n/a
2771.76904296875	0.0002	electrical_stimulation	biphasic	LTG33-LTG34	6.0 mA	good	n/a
2775.9130859375	0.0002	electrical_stimulation	biphasic	LTG33-LTG34	6.0 mA	good	n/a
2779.890625	0.0002	electrical_stimulation	biphasic	LTG33-LTG34	6.0 mA	good	n/a
2783.73876953125	0.0002	electrical_stimulation	biphasic	LTG33-LTG34	6.0 mA	good	n/a
2788.43603515625	0.0002	electrical_stimulation	biphasic	LTG33-LTG34	6.0 mA	good	n/a
2792.080078125	0.0002	electrical_stimulation	biphasic	LTG33-LTG34	6.0 mA	good	n/a
2796.71484375	0.0002	electrical_stimulation	biphasic	LTG33-LTG34	6.0 mA	good	n/a
2800.30078125	0.0002	electrical_stimulation	biphasic	LTG33-LTG34	6.0 mA	good	n/a
2803.86767578125	0.0002	electrical_stimulation	biphasic	LTG33-LTG34	6.0 mA	good	n/a
2829.45654296875	0.0002	electrical_stimulation	biphasic	LTG34-LTG35	6.0 mA	good	n/a
2834.19970703125	0.0002	electrical_stimulation	biphasic	LTG34-LTG35	6.0 mA	good	n/a
2839.10546875	0.0002	electrical_stimulation	biphasic	LTG34-LTG35	6.0 mA	good	n/a
2844.0224609375	0.0002	electrical_stimulation	biphasic	LTG34-LTG35	6.0 mA	good	n/a
2847.806640625	0.0002	electrical_stimulation	biphasic	LTG34-LTG35	6.0 mA	good	n/a
2852.29638671875	0.0002	electrical_stimulation	biphasic	LTG34-LTG35	6.0 mA	good	n/a
2858.69775390625	0.0002	electrical_stimulation	biphasic	LTG34-LTG35	6.0 mA	good	n/a
2864.181640625	0.0002	electrical_stimulation	biphasic	LTG34-LTG35	6.0 mA	good	n/a
2870.1416015625	0.0002	electrical_stimulation	biphasic	LTG34-LTG35	6.0 mA	good	n/a
2875.80810546875	0.0002	electrical_stimulation	biphasic	LTG34-LTG35	6.0 mA	good	n/a
2895.64599609375	0.0002	electrical_stimulation	biphasic	LTG35-LTG36	6.0 mA	good	n/a
2900.400390625	0.0002	electrical_stimulation	biphasic	LTG35-LTG36	6.0 mA	good	n/a
2903.98681640625	0.0002	electrical_stimulation	biphasic	LTG35-LTG36	6.0 mA	good	n/a
2908.408203125	0.0002	electrical_stimulation	biphasic	LTG35-LTG36	6.0 mA	good	n/a
2912.88720703125	0.0002	electrical_stimulation	biphasic	LTG35-LTG36	6.0 mA	good	n/a
2916.73388671875	0.0002	electrical_stimulation	biphasic	LTG35-LTG36	6.0 mA	good	n/a
2920.9775390625	0.0002	electrical_stimulation	biphasic	LTG35-LTG36	6.0 mA	good	n/a
2924.798828125	0.0002	electrical_stimulation	biphasic	LTG35-LTG36	6.0 mA	good	n/a
2929.05810546875	0.0002	electrical_stimulation	biphasic	LTG35-LTG36	6.0 mA	good	n/a
2933.18115234375	0.0002	electrical_stimulation	biphasic	LTG35-LTG36	6.0 mA	good	n/a
2938.0615234375	0.0002	electrical_stimulation	biphasic	LTG35-LTG36	6.0 mA	good	n/a
2957.99853515625	0.0002	electrical_stimulation	biphasic	LTG36-LTG37	6.0 mA	good	n/a
2962.38818359375	0.0002	electrical_stimulation	biphasic	LTG36-LTG37	6.0 mA	good	n/a
2966.1728515625	0.0002	electrical_stimulation	biphasic	LTG36-LTG37	6.0 mA	good	n/a
2970.29150390625	0.0002	electrical_stimulation	biphasic	LTG36-LTG37	6.0 mA	good	n/a
2977.72998046875	0.0002	electrical_stimulation	biphasic	LTG36-LTG37	6.0 mA	good	n/a
2983.04345703125	0.0002	electrical_stimulation	biphasic	LTG36-LTG37	6.0 mA	good	n/a
2988.3818359375	0.0002	electrical_stimulation	biphasic	LTG36-LTG37	6.0 mA	good	n/a
2992.1552734375	0.0002	electrical_stimulation	biphasic	LTG36-LTG37	6.0 mA	good	n/a
2997.59375	0.0002	electrical_stimulation	biphasic	LTG36-LTG37	6.0 mA	good	n/a
3025.42431640625	0.0002	electrical_stimulation	biphasic	LTG37-LTG38	6.0 mA	good	n/a
3029.56298828125	0.0002	electrical_stimulation	biphasic	LTG37-LTG38	6.0 mA	good	n/a
3034.41650390625	0.0002	electrical_stimulation	biphasic	LTG37-LTG38	6.0 mA	good	n/a
3038.921875	0.0002	electrical_stimulation	biphasic	LTG37-LTG38	6.0 mA	good	n/a
3043.60302734375	0.0002	electrical_stimulation	biphasic	LTG37-LTG38	6.0 mA	good	n/a
3048.6396484375	0.0002	electrical_stimulation	biphasic	LTG37-LTG38	6.0 mA	good	n/a
3052.1533203125	0.0002	electrical_stimulation	biphasic	LTG37-LTG38	6.0 mA	good	n/a
3056.90771484375	0.0002	electrical_stimulation	biphasic	LTG37-LTG38	6.0 mA	good	n/a
3060.5205078125	0.0002	electrical_stimulation	biphasic	LTG37-LTG38	6.0 mA	good	n/a
3065.1240234375	0.0002	electrical_stimulation	biphasic	LTG37-LTG38	6.0 mA	good	n/a
3087.68408203125	0.0002	electrical_stimulation	biphasic	LTG38-LTG39	6.0 mA	good	n/a
3092.26123046875	0.0002	electrical_stimulation	biphasic	LTG38-LTG39	6.0 mA	good	n/a
3096.890625	0.0002	electrical_stimulation	biphasic	LTG38-LTG39	6.0 mA	good	n/a
3100.65966796875	0.0002	electrical_stimulation	biphasic	LTG38-LTG39	6.0 mA	good	n/a
3105.31005859375	0.0002	electrical_stimulation	biphasic	LTG38-LTG39	6.0 mA	good	n/a
3109.79345703125	0.0002	electrical_stimulation	biphasic	LTG38-LTG39	6.0 mA	good	n/a
3113.8232421875	0.0002	electrical_stimulation	biphasic	LTG38-LTG39	6.0 mA	good	n/a
3118.515625	0.0002	electrical_stimulation	biphasic	LTG38-LTG39	6.0 mA	good	n/a
3122.2177734375	0.0002	electrical_stimulation	biphasic	LTG38-LTG39	6.0 mA	good	n/a
3127.16943359375	0.0002	electrical_stimulation	biphasic	LTG38-LTG39	6.0 mA	good	n/a
3153.2177734375	0.0002	electrical_stimulation	biphasic	LTG39-LTG40	6.0 mA	good	n/a
3159.015625	0.0002	electrical_stimulation	biphasic	LTG39-LTG40	6.0 mA	good	n/a
3164.5830078125	0.0002	electrical_stimulation	biphasic	LTG39-LTG40	6.0 mA	good	n/a
3170.2236328125	0.0002	electrical_stimulation	biphasic	LTG39-LTG40	6.0 mA	good	n/a
3175.75390625	0.0002	electrical_stimulation	biphasic	LTG39-LTG40	6.0 mA	good	n/a
3179.3623046875	0.0002	electrical_stimulation	biphasic	LTG39-LTG40	6.0 mA	good	n/a
3183.62646484375	0.0002	electrical_stimulation	biphasic	LTG39-LTG40	6.0 mA	good	n/a
3187.25	0.0002	electrical_stimulation	biphasic	LTG39-LTG40	6.0 mA	good	n/a
3191.74853515625	0.0002	electrical_stimulation	biphasic	LTG39-LTG40	6.0 mA	good	n/a
3196.71728515625	0.0002	electrical_stimulation	biphasic	LTG39-LTG40	6.0 mA	good	n/a
3216.27978515625	0.0002	electrical_stimulation	biphasic	LTG41-LTG42	6.0 mA	good	n/a
3221.33154296875	0.0002	electrical_stimulation	biphasic	LTG41-LTG42	6.0 mA	good	n/a
3225.95068359375	0.0002	electrical_stimulation	biphasic	LTG41-LTG42	6.0 mA	good	n/a
3229.4443359375	0.0002	electrical_stimulation	biphasic	LTG41-LTG42	6.0 mA	good	n/a
3233.37939453125	0.0002	electrical_stimulation	biphasic	LTG41-LTG42	6.0 mA	good	n/a
3237.30126953125	0.0002	electrical_stimulation	biphasic	LTG41-LTG42	6.0 mA	good	n/a
3241.8828125	0.0002	electrical_stimulation	biphasic	LTG41-LTG42	6.0 mA	good	n/a
3244.91259765625	0.0002	electrical_stimulation	biphasic	LTG41-LTG42	6.0 mA	good	n/a
3248.87353515625	0.0002	electrical_stimulation	biphasic	LTG41-LTG42	6.0 mA	good	n/a
3253.3271484375	0.0002	electrical_stimulation	biphasic	LTG41-LTG42	6.0 mA	good	n/a
3271.9228515625	0.0002	electrical_stimulation	biphasic	LTG42-LTG43	6.0 mA	good	n/a
3276.50048828125	0.0002	electrical_stimulation	biphasic	LTG42-LTG43	6.0 mA	good	n/a
3280.98388671875	0.0002	electrical_stimulation	biphasic	LTG42-LTG43	6.0 mA	good	n/a
3284.8623046875	0.0002	electrical_stimulation	biphasic	LTG42-LTG43	6.0 mA	good	n/a
3288.88232421875	0.0002	electrical_stimulation	biphasic	LTG42-LTG43	6.0 mA	good	n/a
3293.39697265625	0.0002	electrical_stimulation	biphasic	LTG42-LTG43	6.0 mA	good	n/a
3297.63916015625	0.0002	electrical_stimulation	biphasic	LTG42-LTG43	6.0 mA	good	n/a
3300.9248046875	0.0002	electrical_stimulation	biphasic	LTG42-LTG43	6.0 mA	good	n/a
3305.09521484375	0.0002	electrical_stimulation	biphasic	LTG42-LTG43	6.0 mA	good	n/a
3310.13134765625	0.0002	electrical_stimulation	biphasic	LTG42-LTG43	6.0 mA	good	n/a
3332.0078125	0.0002	electrical_stimulation	biphasic	LTG43-LTG44	6.0 mA	good	n/a
3335.8916015625	0.0002	electrical_stimulation	biphasic	LTG43-LTG44	6.0 mA	good	n/a
3340.537109375	0.0002	electrical_stimulation	biphasic	LTG43-LTG44	6.0 mA	good	n/a
3344.9208984375	0.0002	electrical_stimulation	biphasic	LTG43-LTG44	6.0 mA	good	n/a
3349.64013671875	0.0002	electrical_stimulation	biphasic	LTG43-LTG44	6.0 mA	good	n/a
3354.11767578125	0.0002	electrical_stimulation	biphasic	LTG43-LTG44	6.0 mA	good	n/a
3358.236328125	0.0002	electrical_stimulation	biphasic	LTG43-LTG44	6.0 mA	good	n/a
3363.44482421875	0.0002	electrical_stimulation	biphasic	LTG43-LTG44	6.0 mA	good	n/a
3367.36962890625	0.0002	electrical_stimulation	biphasic	LTG43-LTG44	6.0 mA	good	n/a
3372.025390625	0.0002	electrical_stimulation	biphasic	LTG43-LTG44	6.0 mA	good	n/a
3387.849609375	0.0002	electrical_stimulation	biphasic	LTG44-LTG45	6.0 mA	good	n/a
3391.98974609375	0.0002	electrical_stimulation	biphasic	LTG44-LTG45	6.0 mA	good	n/a
3396.4150390625	0.0002	electrical_stimulation	biphasic	LTG44-LTG45	6.0 mA	good	n/a
3401.00830078125	0.0002	electrical_stimulation	biphasic	LTG44-LTG45	6.0 mA	good	n/a
3405.38720703125	0.0002	electrical_stimulation	biphasic	LTG44-LTG45	6.0 mA	good	n/a
3409.7978515625	0.0002	electrical_stimulation	biphasic	LTG44-LTG45	6.0 mA	good	n/a
3414.25537109375	0.0002	electrical_stimulation	biphasic	LTG44-LTG45	6.0 mA	good	n/a
3417.9775390625	0.0002	electrical_stimulation	biphasic	LTG44-LTG45	6.0 mA	good	n/a
3422.24755859375	0.0002	electrical_stimulation	biphasic	LTG44-LTG45	6.0 mA	good	n/a
3426.93408203125	0.0002	electrical_stimulation	biphasic	LTG44-LTG45	6.0 mA	good	n/a
3442.59716796875	0.0002	electrical_stimulation	biphasic	LTG45-LTG46	6.0 mA	good	n/a
3447.4560546875	0.0002	electrical_stimulation	biphasic	LTG45-LTG46	6.0 mA	good	n/a
3451.11572265625	0.0002	electrical_stimulation	biphasic	LTG45-LTG46	6.0 mA	good	n/a
3455.38525390625	0.0002	electrical_stimulation	biphasic	LTG45-LTG46	6.0 mA	good	n/a
3459.55615234375	0.0002	electrical_stimulation	biphasic	LTG45-LTG46	6.0 mA	good	n/a
3463.47119140625	0.0002	electrical_stimulation	biphasic	LTG45-LTG46	6.0 mA	good	n/a
3467.72509765625	0.0002	electrical_stimulation	biphasic	LTG45-LTG46	6.0 mA	good	n/a
3472.1044921875	0.0002	electrical_stimulation	biphasic	LTG45-LTG46	6.0 mA	good	n/a
3476.2490234375	0.0002	electrical_stimulation	biphasic	LTG45-LTG46	6.0 mA	good	n/a
3480.8212890625	0.0002	electrical_stimulation	biphasic	LTG45-LTG46	6.0 mA	good	n/a
3496.90625	0.0002	electrical_stimulation	biphasic	LTG46-LTG47	6.0 mA	good	n/a
3501.35888671875	0.0002	electrical_stimulation	biphasic	LTG46-LTG47	6.0 mA	good	n/a
3504.90869140625	0.0002	electrical_stimulation	biphasic	LTG46-LTG47	6.0 mA	good	n/a
3508.8916015625	0.0002	electrical_stimulation	biphasic	LTG46-LTG47	6.0 mA	good	n/a
3513.13037109375	0.0002	electrical_stimulation	biphasic	LTG46-LTG47	6.0 mA	good	n/a
3517.37939453125	0.0002	electrical_stimulation	biphasic	LTG46-LTG47	6.0 mA	good	n/a
3523.10888671875	0.0002	electrical_stimulation	biphasic	LTG46-LTG47	6.0 mA	good	n/a
3527.30517578125	0.0002	electrical_stimulation	biphasic	LTG46-LTG47	6.0 mA	good	n/a
3531.9140625	0.0002	electrical_stimulation	biphasic	LTG46-LTG47	6.0 mA	bad	n/a
3537.41943359375	0.0002	electrical_stimulation	biphasic	LTG46-LTG47	6.0 mA	bad	n/a
3560.587890625	0.0002	electrical_stimulation	biphasic	LTG47-LTG48	6.0 mA	good	n/a
3566.12939453125	0.0002	electrical_stimulation	biphasic	LTG47-LTG48	6.0 mA	good	n/a
3570.59716796875	0.0002	electrical_stimulation	biphasic	LTG47-LTG48	6.0 mA	good	n/a
3574.75732421875	0.0002	electrical_stimulation	biphasic	LTG47-LTG48	6.0 mA	good	n/a
3579.13134765625	0.0002	electrical_stimulation	biphasic	LTG47-LTG48	6.0 mA	good	n/a
3583.53173828125	0.0002	electrical_stimulation	biphasic	LTG47-LTG48	6.0 mA	good	n/a
3587.46240234375	0.0002	electrical_stimulation	biphasic	LTG47-LTG48	6.0 mA	good	n/a
3591.8310546875	0.0002	electrical_stimulation	biphasic	LTG47-LTG48	6.0 mA	good	n/a
3595.61083984375	0.0002	electrical_stimulation	biphasic	LTG47-LTG48	6.0 mA	good	n/a
3599.8076171875	0.0002	electrical_stimulation	biphasic	LTG47-LTG48	6.0 mA	good	n/a
3627.720703125	0.0002	electrical_stimulation	biphasic	LPS1-LPS2	6.0 mA	good	n/a
3632.3564453125	0.0002	electrical_stimulation	biphasic	LPS1-LPS2	6.0 mA	bad	n/a
3636.33349609375	0.0002	electrical_stimulation	biphasic	LPS1-LPS2	6.0 mA	good	n/a
3639.80517578125	0.0002	electrical_stimulation	biphasic	LPS1-LPS2	6.0 mA	good	n/a
3643.7841796875	0.0002	electrical_stimulation	biphasic	LPS1-LPS2	6.0 mA	good	n/a
3648.0380859375	0.0002	electrical_stimulation	biphasic	LPS1-LPS2	6.0 mA	good	n/a
3652.1044921875	0.0002	electrical_stimulation	biphasic	LPS1-LPS2	6.0 mA	good	n/a
3655.59130859375	0.0002	electrical_stimulation	biphasic	LPS1-LPS2	6.0 mA	good	n/a
3659.7939453125	0.0002	electrical_stimulation	biphasic	LPS1-LPS2	6.0 mA	good	n/a
3663.62548828125	0.0002	electrical_stimulation	biphasic	LPS1-LPS2	6.0 mA	good	n/a
3683.462890625	0.0002	electrical_stimulation	biphasic	LPS2-LPS3	6.0 mA	good	n/a
3688.04541015625	0.0002	electrical_stimulation	biphasic	LPS2-LPS3	6.0 mA	good	n/a
3692.1015625	0.0002	electrical_stimulation	biphasic	LPS2-LPS3	6.0 mA	good	n/a
3696.173828125	0.0002	electrical_stimulation	biphasic	LPS2-LPS3	6.0 mA	good	n/a
3700.36474609375	0.0002	electrical_stimulation	biphasic	LPS2-LPS3	6.0 mA	good	n/a
3703.9365234375	0.0002	electrical_stimulation	biphasic	LPS2-LPS3	6.0 mA	good	n/a
3707.08447265625	0.0002	electrical_stimulation	biphasic	LPS2-LPS3	6.0 mA	good	n/a
3710.7451171875	0.0002	electrical_stimulation	biphasic	LPS2-LPS3	6.0 mA	good	n/a
3714.0712890625	0.0002	electrical_stimulation	biphasic	LPS2-LPS3	6.0 mA	good	n/a
3717.658203125	0.0002	electrical_stimulation	biphasic	LPS2-LPS3	6.0 mA	good	n/a
3733.33642578125	0.0002	electrical_stimulation	biphasic	LPS3-LPS4	6.0 mA	bad	n/a
3739.56494140625	0.0002	electrical_stimulation	biphasic	LPS3-LPS4	6.0 mA	bad	n/a
3745.6796875	0.0002	electrical_stimulation	biphasic	LPS3-LPS4	6.0 mA	bad	n/a
3749.7734375	0.0002	electrical_stimulation	biphasic	LPS3-LPS4	6.0 mA	good	n/a
3754.3818359375	0.0002	electrical_stimulation	biphasic	LPS3-LPS4	6.0 mA	bad	n/a
3758.921875	0.0002	electrical_stimulation	biphasic	LPS3-LPS4	6.0 mA	good	n/a
3763.22802734375	0.0002	electrical_stimulation	biphasic	LPS3-LPS4	6.0 mA	bad	n/a
3767.123046875	0.0002	electrical_stimulation	biphasic	LPS3-LPS4	6.0 mA	bad	n/a
3771.4130859375	0.0002	electrical_stimulation	biphasic	LPS3-LPS4	6.0 mA	bad	n/a
3776.2099609375	0.0002	electrical_stimulation	biphasic	LPS3-LPS4	6.0 mA	good	n/a
3798.77880859375	0.0002	electrical_stimulation	biphasic	LMS1-LMS2	6.0 mA	good	n/a
3803.15869140625	0.0002	electrical_stimulation	biphasic	LMS1-LMS2	6.0 mA	bad	n/a
3807.92919921875	0.0002	electrical_stimulation	biphasic	LMS1-LMS2	6.0 mA	good	n/a
3813.12158203125	0.0002	electrical_stimulation	biphasic	LMS1-LMS2	6.0 mA	bad	n/a
3816.96875	0.0002	electrical_stimulation	biphasic	LMS1-LMS2	6.0 mA	bad	n/a
3821.2958984375	0.0002	electrical_stimulation	biphasic	LMS1-LMS2	6.0 mA	bad	n/a
3827.3330078125	0.0002	electrical_stimulation	biphasic	LMS1-LMS2	6.0 mA	good	n/a
3831.85302734375	0.0002	electrical_stimulation	biphasic	LMS1-LMS2	6.0 mA	bad	n/a
3835.52197265625	0.0002	electrical_stimulation	biphasic	LMS1-LMS2	6.0 mA	bad	n/a
3838.640625	0.0002	electrical_stimulation	biphasic	LMS1-LMS2	6.0 mA	bad	n/a
3854.240234375	0.0002	electrical_stimulation	biphasic	LMS2-LMS3	6.0 mA	good	n/a
3859.2138671875	0.0002	electrical_stimulation	biphasic	LMS2-LMS3	6.0 mA	bad	n/a
3863.01953125	0.0002	electrical_stimulation	biphasic	LMS2-LMS3	6.0 mA	bad	n/a
3867.23193359375	0.0002	electrical_stimulation	biphasic	LMS2-LMS3	6.0 mA	bad	n/a
3870.7822265625	0.0002	electrical_stimulation	biphasic	LMS2-LMS3	6.0 mA	bad	n/a
3874.04052734375	0.0002	electrical_stimulation	biphasic	LMS2-LMS3	6.0 mA	bad	n/a
3877.7509765625	0.0002	electrical_stimulation	biphasic	LMS2-LMS3	6.0 mA	bad	n/a
3881.27001953125	0.0002	electrical_stimulation	biphasic	LMS2-LMS3	6.0 mA	good	n/a
3885.33154296875	0.0002	electrical_stimulation	biphasic	LMS2-LMS3	6.0 mA	bad	n/a
3889.71142578125	0.0002	electrical_stimulation	biphasic	LMS2-LMS3	6.0 mA	bad	n/a
3911.28564453125	0.0002	electrical_stimulation	biphasic	LMS3-LMS4	6.0 mA	bad	n/a
3915.47705078125	0.0002	electrical_stimulation	biphasic	LMS3-LMS4	6.0 mA	bad	n/a
3918.671875	0.0002	electrical_stimulation	biphasic	LMS3-LMS4	6.0 mA	good	n/a
3922.42626953125	0.0002	electrical_stimulation	biphasic	LMS3-LMS4	6.0 mA	bad	n/a
3926.38330078125	0.0002	electrical_stimulation	biphasic	LMS3-LMS4	6.0 mA	bad	n/a
3930.30859375	0.0002	electrical_stimulation	biphasic	LMS3-LMS4	6.0 mA	good	n/a
3933.77587890625	0.0002	electrical_stimulation	biphasic	LMS3-LMS4	6.0 mA	good	n/a
3938.15478515625	0.0002	electrical_stimulation	biphasic	LMS3-LMS4	6.0 mA	good	n/a
3942.06494140625	0.0002	electrical_stimulation	biphasic	LMS3-LMS4	6.0 mA	good	n/a
3946.21484375	0.0002	electrical_stimulation	biphasic	LMS3-LMS4	6.0 mA	bad	n/a
